SET FOREIGN_KEY_CHECKS = 0; -- Disable safety checks...


-- +================================================================================+
-- | 1. DEPARTMENT                                                                  |
-- | Purpose: Defines the functional areas of the bank (eg. IT, Loans, Operations). |
-- | Relationships: Linked to the 'employee' table.                                 |
-- +================================================================================+
   INSERT INTO department (dept_id, name) VALUES (1, 'Operations');
   INSERT INTO department (dept_id, name) VALUES (2, 'Loans');
   INSERT INTO department (dept_id, name) VALUES (3, 'Administration');
   INSERT INTO department (dept_id, name) VALUES (4, 'IT');
   INSERT INTO department (dept_id, name) VALUES (5, 'Marketing');
   INSERT INTO department (dept_id, name) VALUES (6, 'Legal');
   INSERT INTO department (dept_id, name) VALUES (7, 'HR');
   INSERT INTO department (dept_id, name) VALUES (8, 'Sales');
   INSERT INTO department (dept_id, name) VALUES (9, 'Customer Service');
   INSERT INTO department (dept_id, name) VALUES (10, 'Finance');


-- +=====================================================================================+
-- | 2. BRANCH                                                                           |
-- | Purpose: Physical locations of the bank. Stores address and city info.              |
-- | Relationships: Linked to 'employee' (where they work) and 'account' (where opened). |
-- +=====================================================================================+
   INSERT INTO branch (branch_id, name, address, city, state, zip) VALUES (1, 'Branch 1', '563 Main St', 'Lowell', 'RI', '08408');
   INSERT INTO branch (branch_id, name, address, city, state, zip) VALUES (2, 'Branch 2', '808 Main St', 'Fall River', 'MA', '01725');
   INSERT INTO branch (branch_id, name, address, city, state, zip) VALUES (3, 'Branch 3', '298 Main St', 'Cambridge', 'MA', '09185');
   INSERT INTO branch (branch_id, name, address, city, state, zip) VALUES (4, 'Branch 4', '892 Main St', 'Boston', 'MA', '05429');
   INSERT INTO branch (branch_id, name, address, city, state, zip) VALUES (5, 'Branch 5', '681 Main St', 'Springfield', 'NH', '05298');
   INSERT INTO branch (branch_id, name, address, city, state, zip) VALUES (6, 'Branch 6', '436 Main St', 'Lynn', 'NH', '03451');
   INSERT INTO branch (branch_id, name, address, city, state, zip) VALUES (7, 'Branch 7', '921 Main St', 'Boston', 'NH', '07598');
   INSERT INTO branch (branch_id, name, address, city, state, zip) VALUES (8, 'Branch 8', '342 Main St', 'Lynn', 'NH', '05982');
   INSERT INTO branch (branch_id, name, address, city, state, zip) VALUES (9, 'Branch 9', '119 Main St', 'Lynn', 'MA', '07885');
   INSERT INTO branch (branch_id, name, address, city, state, zip) VALUES (10, 'Branch 10', '47 Main St', 'Cambridge', 'CT', '09926');
   INSERT INTO branch (branch_id, name, address, city, state, zip) VALUES (11, 'Branch 11', '185 Main St', 'New Bedford', 'CT', '08975');
   INSERT INTO branch (branch_id, name, address, city, state, zip) VALUES (12, 'Branch 12', '582 Main St', 'Lowell', 'CT', '02754');
   INSERT INTO branch (branch_id, name, address, city, state, zip) VALUES (13, 'Branch 13', '66 Main St', 'Springfield', 'CT', '02246');
   INSERT INTO branch (branch_id, name, address, city, state, zip) VALUES (14, 'Branch 14', '65 Main St', 'Boston', 'RI', '06266');
   INSERT INTO branch (branch_id, name, address, city, state, zip) VALUES (15, 'Branch 15', '733 Main St', 'Lowell', 'NH', '04959');
   INSERT INTO branch (branch_id, name, address, city, state, zip) VALUES (16, 'Branch 16', '704 Main St', 'Brockton', 'MA', '01564');
   INSERT INTO branch (branch_id, name, address, city, state, zip) VALUES (17, 'Branch 17', '4 Main St', 'Fall River', 'RI', '06305');
   INSERT INTO branch (branch_id, name, address, city, state, zip) VALUES (18, 'Branch 18', '853 Main St', 'New Bedford', 'NH', '08387');
   INSERT INTO branch (branch_id, name, address, city, state, zip) VALUES (19, 'Branch 19', '744 Main St', 'Lynn', 'RI', '04199');
   INSERT INTO branch (branch_id, name, address, city, state, zip) VALUES (20, 'Branch 20', '14 Main St', 'Lowell', 'CT', '08306');
   INSERT INTO branch (branch_id, name, address, city, state, zip) VALUES (21, 'Branch 21', '989 Main St', 'Lynn', 'MA', '01765');
   INSERT INTO branch (branch_id, name, address, city, state, zip) VALUES (22, 'Branch 22', '646 Main St', 'Springfield', 'RI', '06823');
   INSERT INTO branch (branch_id, name, address, city, state, zip) VALUES (23, 'Branch 23', '132 Main St', 'Quincy', 'MA', '08983');
   INSERT INTO branch (branch_id, name, address, city, state, zip) VALUES (24, 'Branch 24', '313 Main St', 'Brockton', 'MA', '04710');
   INSERT INTO branch (branch_id, name, address, city, state, zip) VALUES (25, 'Branch 25', '685 Main St', 'Cambridge', 'NH', '09831');
   INSERT INTO branch (branch_id, name, address, city, state, zip) VALUES (26, 'Branch 26', '21 Main St', 'New Bedford', 'CT', '08980');
   INSERT INTO branch (branch_id, name, address, city, state, zip) VALUES (27, 'Branch 27', '763 Main St', 'Fall River', 'RI', '01325');
   INSERT INTO branch (branch_id, name, address, city, state, zip) VALUES (28, 'Branch 28', '906 Main St', 'Springfield', 'NH', '01166');
   INSERT INTO branch (branch_id, name, address, city, state, zip) VALUES (29, 'Branch 29', '297 Main St', 'Lowell', 'NH', '03495');
   INSERT INTO branch (branch_id, name, address, city, state, zip) VALUES (30, 'Branch 30', '144 Main St', 'Springfield', 'RI', '09017');
   INSERT INTO branch (branch_id, name, address, city, state, zip) VALUES (31, 'Branch 31', '664 Main St', 'New Bedford', 'MA', '09935');
   INSERT INTO branch (branch_id, name, address, city, state, zip) VALUES (32, 'Branch 32', '379 Main St', 'Brockton', 'MA', '03199');
   INSERT INTO branch (branch_id, name, address, city, state, zip) VALUES (33, 'Branch 33', '570 Main St', 'Quincy', 'CT', '05882');
   INSERT INTO branch (branch_id, name, address, city, state, zip) VALUES (34, 'Branch 34', '412 Main St', 'Worcester', 'MA', '08248');
   INSERT INTO branch (branch_id, name, address, city, state, zip) VALUES (35, 'Branch 35', '379 Main St', 'Brockton', 'MA', '02769');
   INSERT INTO branch (branch_id, name, address, city, state, zip) VALUES (36, 'Branch 36', '705 Main St', 'Lynn', 'NH', '09388');
   INSERT INTO branch (branch_id, name, address, city, state, zip) VALUES (37, 'Branch 37', '926 Main St', 'Lowell', 'CT', '01457');
   INSERT INTO branch (branch_id, name, address, city, state, zip) VALUES (38, 'Branch 38', '761 Main St', 'Worcester', 'CT', '07452');
   INSERT INTO branch (branch_id, name, address, city, state, zip) VALUES (39, 'Branch 39', '14 Main St', 'Boston', 'MA', '07099');
   INSERT INTO branch (branch_id, name, address, city, state, zip) VALUES (40, 'Branch 40', '917 Main St', 'Boston', 'NH', '07841');
   INSERT INTO branch (branch_id, name, address, city, state, zip) VALUES (41, 'Branch 41', '447 Main St', 'Cambridge', 'CT', '02822');
   INSERT INTO branch (branch_id, name, address, city, state, zip) VALUES (42, 'Branch 42', '537 Main St', 'Lynn', 'NH', '06385');
   INSERT INTO branch (branch_id, name, address, city, state, zip) VALUES (43, 'Branch 43', '325 Main St', 'Cambridge', 'MA', '02826');
   INSERT INTO branch (branch_id, name, address, city, state, zip) VALUES (44, 'Branch 44', '902 Main St', 'Lowell', 'CT', '08012');
   INSERT INTO branch (branch_id, name, address, city, state, zip) VALUES (45, 'Branch 45', '154 Main St', 'Cambridge', 'NH', '09192');
   INSERT INTO branch (branch_id, name, address, city, state, zip) VALUES (46, 'Branch 46', '400 Main St', 'Brockton', 'RI', '07313');
   INSERT INTO branch (branch_id, name, address, city, state, zip) VALUES (47, 'Branch 47', '621 Main St', 'Quincy', 'RI', '06629');
   INSERT INTO branch (branch_id, name, address, city, state, zip) VALUES (48, 'Branch 48', '221 Main St', 'Springfield', 'NH', '08520');
   INSERT INTO branch (branch_id, name, address, city, state, zip) VALUES (49, 'Branch 49', '363 Main St', 'Lowell', 'NH', '06120');
   INSERT INTO branch (branch_id, name, address, city, state, zip) VALUES (50, 'Branch 50', '200 Main St', 'Boston', 'NH', '08037');


-- +=========================================================================+
-- | 3. EMPLOYEE                                                             |
-- | Purpose: All staff members. Includes their title and hire date.         |
-- | Relationships: Uses 'superior_emp_id' to create a management hierarchy. |
-- +=========================================================================+
   INSERT INTO employee (emp_id, fname, lname, start_date, superior_emp_id, dept_id, title, assigned_branch_id) VALUES (1, 'Michael', 'Smith', '2010-01-01', NULL, 3, 'President', 1);
   INSERT INTO employee (emp_id, fname, lname, start_date, superior_emp_id, dept_id, title, assigned_branch_id) VALUES (2, 'William', 'Miller', '2017-04-05', 1, 1, 'Head Teller', 22);
   INSERT INTO employee (emp_id, fname, lname, start_date, superior_emp_id, dept_id, title, assigned_branch_id) VALUES (3, 'Anthony', 'Wilson', '2021-12-19', 1, 2, 'Clerk', 22);
   INSERT INTO employee (emp_id, fname, lname, start_date, superior_emp_id, dept_id, title, assigned_branch_id) VALUES (4, 'Sarah', 'Williams', '2022-04-09', 3, 7, 'Head Teller', 16);
   INSERT INTO employee (emp_id, fname, lname, start_date, superior_emp_id, dept_id, title, assigned_branch_id) VALUES (5, 'John', 'Smith', '2016-03-05', 3, 9, 'Teller', 39);
   INSERT INTO employee (emp_id, fname, lname, start_date, superior_emp_id, dept_id, title, assigned_branch_id) VALUES (6, 'William', 'White', '2019-05-21', 2, 7, 'Loan Officer', 4);
   INSERT INTO employee (emp_id, fname, lname, start_date, superior_emp_id, dept_id, title, assigned_branch_id) VALUES (7, 'Mary', 'Anderson', '2017-05-19', 2, 7, 'Vice President', 8);
   INSERT INTO employee (emp_id, fname, lname, start_date, superior_emp_id, dept_id, title, assigned_branch_id) VALUES (8, 'Linda', 'Lee', '2016-03-04', 2, 4, 'Head Teller', 6);
   INSERT INTO employee (emp_id, fname, lname, start_date, superior_emp_id, dept_id, title, assigned_branch_id) VALUES (9, 'Joseph', 'Hernandez', '2017-06-21', 5, 10, 'Analyst', 13);
   INSERT INTO employee (emp_id, fname, lname, start_date, superior_emp_id, dept_id, title, assigned_branch_id) VALUES (10, 'William', 'Anderson', '2018-03-12', 7, 10, 'Branch Manager', 32);
   INSERT INTO employee (emp_id, fname, lname, start_date, superior_emp_id, dept_id, title, assigned_branch_id) VALUES (11, 'Mary', 'Sanchez', '2016-01-12', 3, 10, 'Operations Manager', 45);
   INSERT INTO employee (emp_id, fname, lname, start_date, superior_emp_id, dept_id, title, assigned_branch_id) VALUES (12, 'Sarah', 'Thompson', '2022-07-06', 7, 5, 'Vice President', 28);
   INSERT INTO employee (emp_id, fname, lname, start_date, superior_emp_id, dept_id, title, assigned_branch_id) VALUES (13, 'John', 'Thomas', '2020-04-07', 4, 1, 'Head Teller', 46);
   INSERT INTO employee (emp_id, fname, lname, start_date, superior_emp_id, dept_id, title, assigned_branch_id) VALUES (14, 'Joseph', 'Johnson', '2015-08-09', 6, 1, 'Teller', 26);
   INSERT INTO employee (emp_id, fname, lname, start_date, superior_emp_id, dept_id, title, assigned_branch_id) VALUES (15, 'Susan', 'Taylor', '2020-09-11', 7, 6, 'Head Teller', 5);
   INSERT INTO employee (emp_id, fname, lname, start_date, superior_emp_id, dept_id, title, assigned_branch_id) VALUES (16, 'William', 'Rodriguez', '2015-02-07', 7, 1, 'Analyst', 19);
   INSERT INTO employee (emp_id, fname, lname, start_date, superior_emp_id, dept_id, title, assigned_branch_id) VALUES (17, 'Mark', 'Williams', '2019-01-09', 5, 1, 'Loan Officer', 41);
   INSERT INTO employee (emp_id, fname, lname, start_date, superior_emp_id, dept_id, title, assigned_branch_id) VALUES (18, 'Jessica', 'Brown', '2018-06-26', 3, 9, 'Branch Manager', 44);
   INSERT INTO employee (emp_id, fname, lname, start_date, superior_emp_id, dept_id, title, assigned_branch_id) VALUES (19, 'Matthew', 'Lee', '2020-06-10', 3, 2, 'Loan Officer', 19);
   INSERT INTO employee (emp_id, fname, lname, start_date, superior_emp_id, dept_id, title, assigned_branch_id) VALUES (20, 'Patricia', 'Johnson', '2023-01-05', 15, 7, 'Analyst', 26);
   INSERT INTO employee (emp_id, fname, lname, start_date, superior_emp_id, dept_id, title, assigned_branch_id) VALUES (21, 'Sandra', 'Brown', '2015-09-20', NULL, 10, 'Clerk', 30);
   INSERT INTO employee (emp_id, fname, lname, start_date, superior_emp_id, dept_id, title, assigned_branch_id) VALUES (22, 'Charles', 'Miller', '2019-10-23', 1, 8, 'Loan Officer', 21);
   INSERT INTO employee (emp_id, fname, lname, start_date, superior_emp_id, dept_id, title, assigned_branch_id) VALUES (23, 'Betty', 'Jackson', '2017-03-24', 19, 4, 'Operations Manager', 31);
   INSERT INTO employee (emp_id, fname, lname, start_date, superior_emp_id, dept_id, title, assigned_branch_id) VALUES (24, 'Nancy', 'Miller', '2016-05-03', 6, 8, 'Teller', 1);
   INSERT INTO employee (emp_id, fname, lname, start_date, superior_emp_id, dept_id, title, assigned_branch_id) VALUES (25, 'Sandra', 'Jackson', '2016-04-26', 10, 8, 'Clerk', 22);
   INSERT INTO employee (emp_id, fname, lname, start_date, superior_emp_id, dept_id, title, assigned_branch_id) VALUES (26, 'Sandra', 'Smith', '2018-06-09', 3, 2, 'Branch Manager', 4);
   INSERT INTO employee (emp_id, fname, lname, start_date, superior_emp_id, dept_id, title, assigned_branch_id) VALUES (27, 'Mary', 'Sanchez', '2018-08-03', 25, 1, 'Operations Manager', 32);
   INSERT INTO employee (emp_id, fname, lname, start_date, superior_emp_id, dept_id, title, assigned_branch_id) VALUES (28, 'Sandra', 'Wilson', '2020-04-28', 27, 7, 'Branch Manager', 17);
   INSERT INTO employee (emp_id, fname, lname, start_date, superior_emp_id, dept_id, title, assigned_branch_id) VALUES (29, 'John', 'Taylor', '2020-06-28', 16, 7, 'Operations Manager', 20);
   INSERT INTO employee (emp_id, fname, lname, start_date, superior_emp_id, dept_id, title, assigned_branch_id) VALUES (30, 'Lisa', 'Miller', '2018-12-31', 29, 2, 'Analyst', 39);
   INSERT INTO employee (emp_id, fname, lname, start_date, superior_emp_id, dept_id, title, assigned_branch_id) VALUES (31, 'Michael', 'Gonzalez', '2021-02-28', NULL, 9, 'Teller', 17);
   INSERT INTO employee (emp_id, fname, lname, start_date, superior_emp_id, dept_id, title, assigned_branch_id) VALUES (32, 'Christopher', 'Smith', '2016-09-22', 18, 8, 'Loan Officer', 12);
   INSERT INTO employee (emp_id, fname, lname, start_date, superior_emp_id, dept_id, title, assigned_branch_id) VALUES (33, 'Anthony', 'Wilson', '2020-10-05', 25, 9, 'Teller', 22);
   INSERT INTO employee (emp_id, fname, lname, start_date, superior_emp_id, dept_id, title, assigned_branch_id) VALUES (34, 'Margaret', 'Wilson', '2021-12-26', 18, 6, 'Branch Manager', 31);
   INSERT INTO employee (emp_id, fname, lname, start_date, superior_emp_id, dept_id, title, assigned_branch_id) VALUES (35, 'Charles', 'Lewis', '2016-01-22', 2, 9, 'Clerk', 7);
   INSERT INTO employee (emp_id, fname, lname, start_date, superior_emp_id, dept_id, title, assigned_branch_id) VALUES (36, 'Margaret', 'Wilson', '2015-02-13', 31, 10, 'Branch Manager', 46);
   INSERT INTO employee (emp_id, fname, lname, start_date, superior_emp_id, dept_id, title, assigned_branch_id) VALUES (37, 'John', 'Jackson', '2016-08-05', 26, 5, 'Teller', 38);
   INSERT INTO employee (emp_id, fname, lname, start_date, superior_emp_id, dept_id, title, assigned_branch_id) VALUES (38, 'Patricia', 'Garcia', '2020-12-19', 5, 5, 'Branch Manager', 8);
   INSERT INTO employee (emp_id, fname, lname, start_date, superior_emp_id, dept_id, title, assigned_branch_id) VALUES (39, 'Michael', 'Harris', '2020-02-20', 13, 3, 'Clerk', 50);
   INSERT INTO employee (emp_id, fname, lname, start_date, superior_emp_id, dept_id, title, assigned_branch_id) VALUES (40, 'Thomas', 'Harris', '2022-05-28', 2, 8, 'Vice President', 17);
   INSERT INTO employee (emp_id, fname, lname, start_date, superior_emp_id, dept_id, title, assigned_branch_id) VALUES (41, 'Lisa', 'Moore', '2017-10-29', 12, 10, 'Branch Manager', 30);
   INSERT INTO employee (emp_id, fname, lname, start_date, superior_emp_id, dept_id, title, assigned_branch_id) VALUES (42, 'Thomas', 'White', '2017-02-09', 8, 10, 'Clerk', 31);
   INSERT INTO employee (emp_id, fname, lname, start_date, superior_emp_id, dept_id, title, assigned_branch_id) VALUES (43, 'Christopher', 'Sanchez', '2017-08-05', 22, 8, 'Head Teller', 29);
   INSERT INTO employee (emp_id, fname, lname, start_date, superior_emp_id, dept_id, title, assigned_branch_id) VALUES (44, 'Elizabeth', 'Smith', '2015-07-15', 27, 7, 'Operations Manager', 23);
   INSERT INTO employee (emp_id, fname, lname, start_date, superior_emp_id, dept_id, title, assigned_branch_id) VALUES (45, 'Betty', 'Martin', '2019-09-01', 31, 3, 'Clerk', 19);
   INSERT INTO employee (emp_id, fname, lname, start_date, superior_emp_id, dept_id, title, assigned_branch_id) VALUES (46, 'James', 'Sanchez', '2015-09-21', 17, 7, 'Clerk', 39);
   INSERT INTO employee (emp_id, fname, lname, start_date, superior_emp_id, dept_id, title, assigned_branch_id) VALUES (47, 'Barbara', 'Lee', '2021-02-06', 39, 9, 'Clerk', 16);
   INSERT INTO employee (emp_id, fname, lname, start_date, superior_emp_id, dept_id, title, assigned_branch_id) VALUES (48, 'Lisa', 'Miller', '2019-02-28', 1, 9, 'Analyst', 3);
   INSERT INTO employee (emp_id, fname, lname, start_date, superior_emp_id, dept_id, title, assigned_branch_id) VALUES (49, 'Mary', 'Jones', '2015-02-14', 16, 5, 'Clerk', 3);
   INSERT INTO employee (emp_id, fname, lname, start_date, superior_emp_id, dept_id, title, assigned_branch_id) VALUES (50, 'Joseph', 'Brown', '2022-06-08', 24, 5, 'Operations Manager', 4);
   INSERT INTO employee (emp_id, fname, lname, start_date, superior_emp_id, dept_id, title, assigned_branch_id) VALUES (51, 'Anthony', 'Martinez', '2017-11-24', 11, 7, 'Teller', 44);
   INSERT INTO employee (emp_id, fname, lname, start_date, superior_emp_id, dept_id, title, assigned_branch_id) VALUES (52, 'William', 'Gonzalez', '2018-10-18', 3, 2, 'Branch Manager', 26);
   INSERT INTO employee (emp_id, fname, lname, start_date, superior_emp_id, dept_id, title, assigned_branch_id) VALUES (53, 'Susan', 'Hernandez', '2019-11-30', 9, 3, 'Branch Manager', 8);
   INSERT INTO employee (emp_id, fname, lname, start_date, superior_emp_id, dept_id, title, assigned_branch_id) VALUES (54, 'Robert', 'Harris', '2022-09-27', 33, 1, 'Analyst', 23);
   INSERT INTO employee (emp_id, fname, lname, start_date, superior_emp_id, dept_id, title, assigned_branch_id) VALUES (55, 'Jessica', 'Lewis', '2020-04-16', 25, 6, 'Operations Manager', 1);
   INSERT INTO employee (emp_id, fname, lname, start_date, superior_emp_id, dept_id, title, assigned_branch_id) VALUES (56, 'Joseph', 'Lopez', '2017-04-20', 8, 3, 'Loan Officer', 4);
   INSERT INTO employee (emp_id, fname, lname, start_date, superior_emp_id, dept_id, title, assigned_branch_id) VALUES (57, 'Mary', 'Anderson', '2021-04-07', 41, 7, 'Operations Manager', 38);
   INSERT INTO employee (emp_id, fname, lname, start_date, superior_emp_id, dept_id, title, assigned_branch_id) VALUES (58, 'William', 'Moore', '2020-12-07', 2, 8, 'Operations Manager', 19);
   INSERT INTO employee (emp_id, fname, lname, start_date, superior_emp_id, dept_id, title, assigned_branch_id) VALUES (59, 'Susan', 'Thompson', '2016-05-20', 17, 10, 'Vice President', 9);
   INSERT INTO employee (emp_id, fname, lname, start_date, superior_emp_id, dept_id, title, assigned_branch_id) VALUES (60, 'Donald', 'Lopez', '2017-09-04', 8, 3, 'Clerk', 3);
   INSERT INTO employee (emp_id, fname, lname, start_date, superior_emp_id, dept_id, title, assigned_branch_id) VALUES (61, 'Sandra', 'Martinez', '2017-07-30', NULL, 8, 'Vice President', 43);
   INSERT INTO employee (emp_id, fname, lname, start_date, superior_emp_id, dept_id, title, assigned_branch_id) VALUES (62, 'Anthony', 'Robinson', '2016-10-30', 26, 8, 'Operations Manager', 18);
   INSERT INTO employee (emp_id, fname, lname, start_date, superior_emp_id, dept_id, title, assigned_branch_id) VALUES (63, 'Jennifer', 'Perez', '2023-01-20', 31, 10, 'Branch Manager', 35);
   INSERT INTO employee (emp_id, fname, lname, start_date, superior_emp_id, dept_id, title, assigned_branch_id) VALUES (64, 'Sandra', 'Martinez', '2018-07-07', 31, 7, 'Vice President', 29);
   INSERT INTO employee (emp_id, fname, lname, start_date, superior_emp_id, dept_id, title, assigned_branch_id) VALUES (65, 'Richard', 'Garcia', '2017-01-30', 35, 9, 'Operations Manager', 30);
   INSERT INTO employee (emp_id, fname, lname, start_date, superior_emp_id, dept_id, title, assigned_branch_id) VALUES (66, 'Joseph', 'Miller', '2019-03-12', 2, 7, 'Teller', 37);
   INSERT INTO employee (emp_id, fname, lname, start_date, superior_emp_id, dept_id, title, assigned_branch_id) VALUES (67, 'James', 'Brown', '2022-09-07', 8, 4, 'Teller', 38);
   INSERT INTO employee (emp_id, fname, lname, start_date, superior_emp_id, dept_id, title, assigned_branch_id) VALUES (68, 'Anthony', 'Hernandez', '2022-08-30', 50, 3, 'Clerk', 47);
   INSERT INTO employee (emp_id, fname, lname, start_date, superior_emp_id, dept_id, title, assigned_branch_id) VALUES (69, 'Matthew', 'Martinez', '2021-05-17', 57, 5, 'Clerk', 45);
   INSERT INTO employee (emp_id, fname, lname, start_date, superior_emp_id, dept_id, title, assigned_branch_id) VALUES (70, 'Nancy', 'White', '2019-03-12', 63, 8, 'Branch Manager', 10);
   INSERT INTO employee (emp_id, fname, lname, start_date, superior_emp_id, dept_id, title, assigned_branch_id) VALUES (71, 'Jessica', 'Lee', '2021-01-25', 15, 8, 'Analyst', 7);
   INSERT INTO employee (emp_id, fname, lname, start_date, superior_emp_id, dept_id, title, assigned_branch_id) VALUES (72, 'Barbara', 'Lewis', '2020-01-09', 68, 4, 'Teller', 33);
   INSERT INTO employee (emp_id, fname, lname, start_date, superior_emp_id, dept_id, title, assigned_branch_id) VALUES (73, 'Joseph', 'White', '2017-03-22', NULL, 9, 'Analyst', 11);
   INSERT INTO employee (emp_id, fname, lname, start_date, superior_emp_id, dept_id, title, assigned_branch_id) VALUES (74, 'Michael', 'Lewis', '2019-07-23', 71, 5, 'Vice President', 21);
   INSERT INTO employee (emp_id, fname, lname, start_date, superior_emp_id, dept_id, title, assigned_branch_id) VALUES (75, 'Jessica', 'Harris', '2017-06-20', 69, 4, 'Vice President', 46);
   INSERT INTO employee (emp_id, fname, lname, start_date, superior_emp_id, dept_id, title, assigned_branch_id) VALUES (76, 'Donald', 'Moore', '2017-09-25', 35, 10, 'Clerk', 7);
   INSERT INTO employee (emp_id, fname, lname, start_date, superior_emp_id, dept_id, title, assigned_branch_id) VALUES (77, 'Margaret', 'Davis', '2019-02-11', 6, 4, 'Vice President', 36);
   INSERT INTO employee (emp_id, fname, lname, start_date, superior_emp_id, dept_id, title, assigned_branch_id) VALUES (78, 'Matthew', 'Johnson', '2017-03-04', 16, 2, 'Teller', 7);
   INSERT INTO employee (emp_id, fname, lname, start_date, superior_emp_id, dept_id, title, assigned_branch_id) VALUES (79, 'Jennifer', 'Lopez', '2020-12-09', 53, 1, 'Branch Manager', 37);
   INSERT INTO employee (emp_id, fname, lname, start_date, superior_emp_id, dept_id, title, assigned_branch_id) VALUES (80, 'Michael', 'Jackson', '2017-02-28', 68, 3, 'Clerk', 34);
   INSERT INTO employee (emp_id, fname, lname, start_date, superior_emp_id, dept_id, title, assigned_branch_id) VALUES (81, 'Betty', 'Perez', '2015-07-04', 41, 2, 'Vice President', 17);
   INSERT INTO employee (emp_id, fname, lname, start_date, superior_emp_id, dept_id, title, assigned_branch_id) VALUES (82, 'Richard', 'Clark', '2019-09-04', 3, 7, 'Analyst', 46);
   INSERT INTO employee (emp_id, fname, lname, start_date, superior_emp_id, dept_id, title, assigned_branch_id) VALUES (83, 'Anthony', 'Garcia', '2022-09-12', 11, 10, 'Head Teller', 29);
   INSERT INTO employee (emp_id, fname, lname, start_date, superior_emp_id, dept_id, title, assigned_branch_id) VALUES (84, 'Thomas', 'Anderson', '2015-02-04', 54, 5, 'Analyst', 42);
   INSERT INTO employee (emp_id, fname, lname, start_date, superior_emp_id, dept_id, title, assigned_branch_id) VALUES (85, 'Nancy', 'Gonzalez', '2020-12-08', 56, 1, 'Analyst', 4);
   INSERT INTO employee (emp_id, fname, lname, start_date, superior_emp_id, dept_id, title, assigned_branch_id) VALUES (86, 'Charles', 'Brown', '2022-11-07', NULL, 2, 'Analyst', 12);
   INSERT INTO employee (emp_id, fname, lname, start_date, superior_emp_id, dept_id, title, assigned_branch_id) VALUES (87, 'James', 'Taylor', '2017-05-19', 64, 3, 'Head Teller', 25);
   INSERT INTO employee (emp_id, fname, lname, start_date, superior_emp_id, dept_id, title, assigned_branch_id) VALUES (88, 'Susan', 'Williams', '2022-03-03', 85, 6, 'Clerk', 45);
   INSERT INTO employee (emp_id, fname, lname, start_date, superior_emp_id, dept_id, title, assigned_branch_id) VALUES (89, 'Lisa', 'Thomas', '2020-01-02', 88, 4, 'Vice President', 22);
   INSERT INTO employee (emp_id, fname, lname, start_date, superior_emp_id, dept_id, title, assigned_branch_id) VALUES (90, 'Linda', 'Jones', '2021-12-07', 15, 1, 'Analyst', 35);
   INSERT INTO employee (emp_id, fname, lname, start_date, superior_emp_id, dept_id, title, assigned_branch_id) VALUES (91, 'Christopher', 'Smith', '2017-08-09', 25, 4, 'Loan Officer', 2);
   INSERT INTO employee (emp_id, fname, lname, start_date, superior_emp_id, dept_id, title, assigned_branch_id) VALUES (92, 'Thomas', 'Williams', '2021-08-07', 76, 5, 'Vice President', 41);
   INSERT INTO employee (emp_id, fname, lname, start_date, superior_emp_id, dept_id, title, assigned_branch_id) VALUES (93, 'Mark', 'Rodriguez', '2021-04-18', 15, 3, 'Head Teller', 45);
   INSERT INTO employee (emp_id, fname, lname, start_date, superior_emp_id, dept_id, title, assigned_branch_id) VALUES (94, 'Anthony', 'Wilson', '2022-11-29', 15, 5, 'Operations Manager', 18);
   INSERT INTO employee (emp_id, fname, lname, start_date, superior_emp_id, dept_id, title, assigned_branch_id) VALUES (95, 'Robert', 'Martinez', '2023-01-12', 39, 2, 'Vice President', 35);
   INSERT INTO employee (emp_id, fname, lname, start_date, superior_emp_id, dept_id, title, assigned_branch_id) VALUES (96, 'Karen', 'Lopez', '2018-05-10', NULL, 3, 'Clerk', 48);
   INSERT INTO employee (emp_id, fname, lname, start_date, superior_emp_id, dept_id, title, assigned_branch_id) VALUES (97, 'John', 'Lee', '2017-06-15', 64, 2, 'Operations Manager', 1);
   INSERT INTO employee (emp_id, fname, lname, start_date, superior_emp_id, dept_id, title, assigned_branch_id) VALUES (98, 'Michael', 'Davis', '2017-11-11', 52, 1, 'Operations Manager', 35);
   INSERT INTO employee (emp_id, fname, lname, start_date, superior_emp_id, dept_id, title, assigned_branch_id) VALUES (99, 'Christopher', 'Thompson', '2018-12-19', 6, 1, 'Operations Manager', 32);


-- +===========================================================================+
-- | 4. PRODUCT_TYPE                                                           |
-- | Purpose: High-level categories for bank offerings (eg. Accounts v Loans). |
-- | Relationships: Parent table to 'product'.                                 |
-- +===========================================================================+
   INSERT INTO product_type (product_type_cd, name) VALUES ('ACCOUNT', 'Customer Accounts');
   INSERT INTO product_type (product_type_cd, name) VALUES ('LOAN', 'Individual and Business Loans');
   INSERT INTO product_type (product_type_cd, name) VALUES ('INSURANCE', 'Insurance Offerings');
   INSERT INTO product_type (product_type_cd, name) VALUES ('INVEST', 'Investment Products');


-- +====================================================================================+
-- | 5. PRODUCT                                                                         |
-- | Purpose: Specific financial products offered (eg. Savings Account, Auto Loan).     |
-- | Relationships: Linked to the 'account' table to define what kind of account it is. |
-- +====================================================================================+
   INSERT INTO product (product_cd, name, product_type_cd, date_offered) VALUES ('CHK', 'Checking Account', 'ACCOUNT', '2010-01-01');
   INSERT INTO product (product_cd, name, product_type_cd, date_offered) VALUES ('SAV', 'Savings Account', 'ACCOUNT', '2010-01-01');
   INSERT INTO product (product_cd, name, product_type_cd, date_offered) VALUES ('MM', 'Money Market', 'ACCOUNT', '2010-01-01');
   INSERT INTO product (product_cd, name, product_type_cd, date_offered) VALUES ('CD', 'Certificate of Deposit', 'ACCOUNT', '2010-01-01');
   INSERT INTO product (product_cd, name, product_type_cd, date_offered) VALUES ('MRT', 'Home Mortgage', 'LOAN', '2010-01-01');
   INSERT INTO product (product_cd, name, product_type_cd, date_offered) VALUES ('AUT', 'Auto Loan', 'LOAN', '2010-01-01');
   INSERT INTO product (product_cd, name, product_type_cd, date_offered) VALUES ('BUS', 'Business Line of Credit', 'LOAN', '2010-01-01');
   INSERT INTO product (product_cd, name, product_type_cd, date_offered) VALUES ('SBL', 'Small Business Loan', 'LOAN', '2010-01-01');
   INSERT INTO product (product_cd, name, product_type_cd, date_offered) VALUES ('LIFE', 'Life Insurance', 'INSURANCE', '2010-01-01');
   INSERT INTO product (product_cd, name, product_type_cd, date_offered) VALUES ('STK', 'Stock Portfolio', 'INVEST', '2010-01-01');


-- +======================================================================================+
-- | 6. CUSTOMER                                                                          |
-- | Purpose: The base table for anyone doing business with the bank.                     |
-- | Note: Stores common data like Tax ID (fed_id) and address for both people and firms. |
-- +======================================================================================+
   INSERT INTO customer (cust_id, fed_id, cust_type_cd, address, city, state, postal_code) VALUES (1, '697-12-7049', 'I', '1 Street Ave', 'Lynn', 'RI', '06152');
   INSERT INTO customer (cust_id, fed_id, cust_type_cd, address, city, state, postal_code) VALUES (2, '513-57-8982', 'I', '2 Street Ave', 'New Bedford', 'CT', '09123');
   INSERT INTO customer (cust_id, fed_id, cust_type_cd, address, city, state, postal_code) VALUES (3, '294-50-2234', 'I', '3 Street Ave', 'New Bedford', 'CT', '04510');
   INSERT INTO customer (cust_id, fed_id, cust_type_cd, address, city, state, postal_code) VALUES (4, '158-11-4583', 'I', '4 Street Ave', 'Lowell', 'NH', '06622');
   INSERT INTO customer (cust_id, fed_id, cust_type_cd, address, city, state, postal_code) VALUES (5, '378-32-4718', 'I', '5 Street Ave', 'Boston', 'CT', '05178');
   INSERT INTO customer (cust_id, fed_id, cust_type_cd, address, city, state, postal_code) VALUES (6, '693-39-2079', 'I', '6 Street Ave', 'Fall River', 'RI', '09782');
   INSERT INTO customer (cust_id, fed_id, cust_type_cd, address, city, state, postal_code) VALUES (7, '986-12-3449', 'I', '7 Street Ave', 'Fall River', 'RI', '04377');
   INSERT INTO customer (cust_id, fed_id, cust_type_cd, address, city, state, postal_code) VALUES (8, '868-47-4862', 'I', '8 Street Ave', 'Brockton', 'MA', '08963');
   INSERT INTO customer (cust_id, fed_id, cust_type_cd, address, city, state, postal_code) VALUES (9, '267-19-7385', 'I', '9 Street Ave', 'Quincy', 'MA', '02229');
   INSERT INTO customer (cust_id, fed_id, cust_type_cd, address, city, state, postal_code) VALUES (10, '799-25-4402', 'I', '10 Street Ave', 'Worcester', 'CT', '02284');
   INSERT INTO customer (cust_id, fed_id, cust_type_cd, address, city, state, postal_code) VALUES (11, '576-91-9332', 'I', '11 Street Ave', 'Worcester', 'MA', '02463');
   INSERT INTO customer (cust_id, fed_id, cust_type_cd, address, city, state, postal_code) VALUES (12, '451-57-1043', 'I', '12 Street Ave', 'Lynn', 'MA', '04651');
   INSERT INTO customer (cust_id, fed_id, cust_type_cd, address, city, state, postal_code) VALUES (13, '217-56-3019', 'I', '13 Street Ave', 'Quincy', 'NH', '05622');
   INSERT INTO customer (cust_id, fed_id, cust_type_cd, address, city, state, postal_code) VALUES (14, '868-75-9064', 'I', '14 Street Ave', 'Boston', 'NH', '03883');
   INSERT INTO customer (cust_id, fed_id, cust_type_cd, address, city, state, postal_code) VALUES (15, '726-81-9852', 'I', '15 Street Ave', 'Quincy', 'NH', '05788');
   INSERT INTO customer (cust_id, fed_id, cust_type_cd, address, city, state, postal_code) VALUES (16, '216-13-1006', 'I', '16 Street Ave', 'New Bedford', 'RI', '06049');
   INSERT INTO customer (cust_id, fed_id, cust_type_cd, address, city, state, postal_code) VALUES (17, '680-38-1755', 'I', '17 Street Ave', 'Brockton', 'RI', '06384');
   INSERT INTO customer (cust_id, fed_id, cust_type_cd, address, city, state, postal_code) VALUES (18, '360-32-9980', 'I', '18 Street Ave', 'Quincy', 'MA', '01374');
   INSERT INTO customer (cust_id, fed_id, cust_type_cd, address, city, state, postal_code) VALUES (19, '115-72-7886', 'I', '19 Street Ave', 'Cambridge', 'CT', '01719');
   INSERT INTO customer (cust_id, fed_id, cust_type_cd, address, city, state, postal_code) VALUES (20, '148-21-4583', 'I', '20 Street Ave', 'Brockton', 'NH', '06988');
   INSERT INTO customer (cust_id, fed_id, cust_type_cd, address, city, state, postal_code) VALUES (21, '586-19-3597', 'I', '21 Street Ave', 'Lynn', 'CT', '06479');
   INSERT INTO customer (cust_id, fed_id, cust_type_cd, address, city, state, postal_code) VALUES (22, '893-92-5160', 'I', '22 Street Ave', 'Lynn', 'RI', '03748');
   INSERT INTO customer (cust_id, fed_id, cust_type_cd, address, city, state, postal_code) VALUES (23, '552-77-6730', 'I', '23 Street Ave', 'Springfield', 'NH', '04950');
   INSERT INTO customer (cust_id, fed_id, cust_type_cd, address, city, state, postal_code) VALUES (24, '908-53-8544', 'I', '24 Street Ave', 'Quincy', 'NH', '09447');
   INSERT INTO customer (cust_id, fed_id, cust_type_cd, address, city, state, postal_code) VALUES (25, '226-16-1264', 'I', '25 Street Ave', 'Worcester', 'RI', '02956');
   INSERT INTO customer (cust_id, fed_id, cust_type_cd, address, city, state, postal_code) VALUES (26, '271-57-1751', 'I', '26 Street Ave', 'New Bedford', 'MA', '06661');
   INSERT INTO customer (cust_id, fed_id, cust_type_cd, address, city, state, postal_code) VALUES (27, '309-92-5600', 'I', '27 Street Ave', 'Boston', 'RI', '03139');
   INSERT INTO customer (cust_id, fed_id, cust_type_cd, address, city, state, postal_code) VALUES (28, '902-30-5263', 'I', '28 Street Ave', 'Lowell', 'MA', '03733');
   INSERT INTO customer (cust_id, fed_id, cust_type_cd, address, city, state, postal_code) VALUES (29, '110-45-7712', 'I', '29 Street Ave', 'Springfield', 'NH', '09120');
   INSERT INTO customer (cust_id, fed_id, cust_type_cd, address, city, state, postal_code) VALUES (30, '471-16-6410', 'I', '30 Street Ave', 'Lowell', 'RI', '06765');
   INSERT INTO customer (cust_id, fed_id, cust_type_cd, address, city, state, postal_code) VALUES (31, '548-98-9160', 'I', '31 Street Ave', 'Cambridge', 'NH', '06390');
   INSERT INTO customer (cust_id, fed_id, cust_type_cd, address, city, state, postal_code) VALUES (32, '444-13-8129', 'I', '32 Street Ave', 'Brockton', 'RI', '01612');
   INSERT INTO customer (cust_id, fed_id, cust_type_cd, address, city, state, postal_code) VALUES (33, '358-67-7211', 'I', '33 Street Ave', 'Worcester', 'NH', '03361');
   INSERT INTO customer (cust_id, fed_id, cust_type_cd, address, city, state, postal_code) VALUES (34, '215-11-9796', 'I', '34 Street Ave', 'Boston', 'NH', '09593');
   INSERT INTO customer (cust_id, fed_id, cust_type_cd, address, city, state, postal_code) VALUES (35, '708-97-8558', 'I', '35 Street Ave', 'Lynn', 'RI', '09928');
   INSERT INTO customer (cust_id, fed_id, cust_type_cd, address, city, state, postal_code) VALUES (36, '679-83-1114', 'I', '36 Street Ave', 'Lowell', 'CT', '09616');
   INSERT INTO customer (cust_id, fed_id, cust_type_cd, address, city, state, postal_code) VALUES (37, '580-91-1740', 'I', '37 Street Ave', 'New Bedford', 'NH', '04407');
   INSERT INTO customer (cust_id, fed_id, cust_type_cd, address, city, state, postal_code) VALUES (38, '732-25-7419', 'I', '38 Street Ave', 'New Bedford', 'RI', '09067');
   INSERT INTO customer (cust_id, fed_id, cust_type_cd, address, city, state, postal_code) VALUES (39, '828-90-6747', 'I', '39 Street Ave', 'Worcester', 'NH', '05505');
   INSERT INTO customer (cust_id, fed_id, cust_type_cd, address, city, state, postal_code) VALUES (40, '684-10-4795', 'I', '40 Street Ave', 'New Bedford', 'MA', '09437');
   INSERT INTO customer (cust_id, fed_id, cust_type_cd, address, city, state, postal_code) VALUES (41, '923-17-9234', 'I', '41 Street Ave', 'Lowell', 'NH', '03751');
   INSERT INTO customer (cust_id, fed_id, cust_type_cd, address, city, state, postal_code) VALUES (42, '391-47-4969', 'I', '42 Street Ave', 'Brockton', 'NH', '01035');
   INSERT INTO customer (cust_id, fed_id, cust_type_cd, address, city, state, postal_code) VALUES (43, '881-96-3795', 'I', '43 Street Ave', 'Lynn', 'NH', '04423');
   INSERT INTO customer (cust_id, fed_id, cust_type_cd, address, city, state, postal_code) VALUES (44, '955-79-5609', 'I', '44 Street Ave', 'Lynn', 'NH', '09093');
   INSERT INTO customer (cust_id, fed_id, cust_type_cd, address, city, state, postal_code) VALUES (45, '463-42-8707', 'I', '45 Street Ave', 'Brockton', 'NH', '05905');
   INSERT INTO customer (cust_id, fed_id, cust_type_cd, address, city, state, postal_code) VALUES (46, '976-95-5518', 'I', '46 Street Ave', 'Brockton', 'NH', '07943');
   INSERT INTO customer (cust_id, fed_id, cust_type_cd, address, city, state, postal_code) VALUES (47, '226-68-5017', 'I', '47 Street Ave', 'Worcester', 'RI', '04901');
   INSERT INTO customer (cust_id, fed_id, cust_type_cd, address, city, state, postal_code) VALUES (48, '477-74-5003', 'I', '48 Street Ave', 'Boston', 'CT', '06505');
   INSERT INTO customer (cust_id, fed_id, cust_type_cd, address, city, state, postal_code) VALUES (49, '795-11-3576', 'I', '49 Street Ave', 'New Bedford', 'MA', '04899');
   INSERT INTO customer (cust_id, fed_id, cust_type_cd, address, city, state, postal_code) VALUES (50, '710-13-2542', 'I', '50 Street Ave', 'Lowell', 'CT', '09142');
   INSERT INTO customer (cust_id, fed_id, cust_type_cd, address, city, state, postal_code) VALUES (51, '397-97-7756', 'I', '51 Street Ave', 'Fall River', 'NH', '06362');
   INSERT INTO customer (cust_id, fed_id, cust_type_cd, address, city, state, postal_code) VALUES (52, '817-84-6793', 'I', '52 Street Ave', 'Springfield', 'RI', '04409');
   INSERT INTO customer (cust_id, fed_id, cust_type_cd, address, city, state, postal_code) VALUES (53, '746-17-7707', 'I', '53 Street Ave', 'Lynn', 'MA', '06965');
   INSERT INTO customer (cust_id, fed_id, cust_type_cd, address, city, state, postal_code) VALUES (54, '823-11-6348', 'I', '54 Street Ave', 'Brockton', 'RI', '06651');
   INSERT INTO customer (cust_id, fed_id, cust_type_cd, address, city, state, postal_code) VALUES (55, '108-36-8039', 'I', '55 Street Ave', 'Lynn', 'MA', '02983');
   INSERT INTO customer (cust_id, fed_id, cust_type_cd, address, city, state, postal_code) VALUES (56, '389-39-4168', 'I', '56 Street Ave', 'Quincy', 'CT', '08851');
   INSERT INTO customer (cust_id, fed_id, cust_type_cd, address, city, state, postal_code) VALUES (57, '518-76-4750', 'I', '57 Street Ave', 'Lynn', 'RI', '02177');
   INSERT INTO customer (cust_id, fed_id, cust_type_cd, address, city, state, postal_code) VALUES (58, '459-87-2541', 'I', '58 Street Ave', 'Boston', 'MA', '07499');
   INSERT INTO customer (cust_id, fed_id, cust_type_cd, address, city, state, postal_code) VALUES (59, '829-52-5312', 'I', '59 Street Ave', 'Lowell', 'MA', '06332');
   INSERT INTO customer (cust_id, fed_id, cust_type_cd, address, city, state, postal_code) VALUES (60, '112-68-8976', 'I', '60 Street Ave', 'Boston', 'CT', '03438');
   INSERT INTO customer (cust_id, fed_id, cust_type_cd, address, city, state, postal_code) VALUES (61, '811-29-3609', 'I', '61 Street Ave', 'Quincy', 'MA', '08894');
   INSERT INTO customer (cust_id, fed_id, cust_type_cd, address, city, state, postal_code) VALUES (62, '520-40-5876', 'I', '62 Street Ave', 'Quincy', 'MA', '01519');
   INSERT INTO customer (cust_id, fed_id, cust_type_cd, address, city, state, postal_code) VALUES (63, '635-99-8510', 'I', '63 Street Ave', 'Brockton', 'RI', '08027');
   INSERT INTO customer (cust_id, fed_id, cust_type_cd, address, city, state, postal_code) VALUES (64, '996-25-8285', 'I', '64 Street Ave', 'Fall River', 'RI', '03315');
   INSERT INTO customer (cust_id, fed_id, cust_type_cd, address, city, state, postal_code) VALUES (65, '359-37-8619', 'I', '65 Street Ave', 'New Bedford', 'RI', '06247');
   INSERT INTO customer (cust_id, fed_id, cust_type_cd, address, city, state, postal_code) VALUES (66, '448-21-5362', 'I', '66 Street Ave', 'New Bedford', 'MA', '04411');
   INSERT INTO customer (cust_id, fed_id, cust_type_cd, address, city, state, postal_code) VALUES (67, '264-72-6768', 'I', '67 Street Ave', 'Worcester', 'CT', '05245');
   INSERT INTO customer (cust_id, fed_id, cust_type_cd, address, city, state, postal_code) VALUES (68, '703-24-6822', 'I', '68 Street Ave', 'Brockton', 'NH', '05182');
   INSERT INTO customer (cust_id, fed_id, cust_type_cd, address, city, state, postal_code) VALUES (69, '480-38-3549', 'I', '69 Street Ave', 'Fall River', 'NH', '09484');
   INSERT INTO customer (cust_id, fed_id, cust_type_cd, address, city, state, postal_code) VALUES (70, '808-59-9214', 'I', '70 Street Ave', 'Springfield', 'RI', '07771');
   INSERT INTO customer (cust_id, fed_id, cust_type_cd, address, city, state, postal_code) VALUES (71, '770-12-4792', 'I', '71 Street Ave', 'Brockton', 'NH', '08582');
   INSERT INTO customer (cust_id, fed_id, cust_type_cd, address, city, state, postal_code) VALUES (72, '604-81-8322', 'I', '72 Street Ave', 'Quincy', 'NH', '07189');
   INSERT INTO customer (cust_id, fed_id, cust_type_cd, address, city, state, postal_code) VALUES (73, '600-86-7637', 'I', '73 Street Ave', 'Brockton', 'MA', '07015');
   INSERT INTO customer (cust_id, fed_id, cust_type_cd, address, city, state, postal_code) VALUES (74, '740-73-4976', 'I', '74 Street Ave', 'Brockton', 'NH', '05132');
   INSERT INTO customer (cust_id, fed_id, cust_type_cd, address, city, state, postal_code) VALUES (75, '255-42-1703', 'I', '75 Street Ave', 'Lowell', 'RI', '03916');
   INSERT INTO customer (cust_id, fed_id, cust_type_cd, address, city, state, postal_code) VALUES (76, '840-31-1490', 'I', '76 Street Ave', 'Springfield', 'MA', '02237');
   INSERT INTO customer (cust_id, fed_id, cust_type_cd, address, city, state, postal_code) VALUES (77, '661-12-8550', 'I', '77 Street Ave', 'Fall River', 'NH', '01465');
   INSERT INTO customer (cust_id, fed_id, cust_type_cd, address, city, state, postal_code) VALUES (78, '690-76-6691', 'I', '78 Street Ave', 'Fall River', 'CT', '07275');
   INSERT INTO customer (cust_id, fed_id, cust_type_cd, address, city, state, postal_code) VALUES (79, '435-29-9173', 'I', '79 Street Ave', 'Springfield', 'CT', '03238');
   INSERT INTO customer (cust_id, fed_id, cust_type_cd, address, city, state, postal_code) VALUES (80, '946-18-5019', 'I', '80 Street Ave', 'Brockton', 'RI', '04777');
   INSERT INTO customer (cust_id, fed_id, cust_type_cd, address, city, state, postal_code) VALUES (81, '428-18-5448', 'I', '81 Street Ave', 'Lynn', 'MA', '06998');
   INSERT INTO customer (cust_id, fed_id, cust_type_cd, address, city, state, postal_code) VALUES (82, '996-35-9770', 'I', '82 Street Ave', 'Lowell', 'CT', '07007');
   INSERT INTO customer (cust_id, fed_id, cust_type_cd, address, city, state, postal_code) VALUES (83, '847-61-4230', 'I', '83 Street Ave', 'Quincy', 'MA', '03415');
   INSERT INTO customer (cust_id, fed_id, cust_type_cd, address, city, state, postal_code) VALUES (84, '324-18-2349', 'I', '84 Street Ave', 'New Bedford', 'NH', '01468');
   INSERT INTO customer (cust_id, fed_id, cust_type_cd, address, city, state, postal_code) VALUES (85, '478-86-5152', 'I', '85 Street Ave', 'Worcester', 'RI', '09015');
   INSERT INTO customer (cust_id, fed_id, cust_type_cd, address, city, state, postal_code) VALUES (86, '760-41-6815', 'I', '86 Street Ave', 'Boston', 'RI', '06346');
   INSERT INTO customer (cust_id, fed_id, cust_type_cd, address, city, state, postal_code) VALUES (87, '601-33-6377', 'I', '87 Street Ave', 'New Bedford', 'RI', '05027');
   INSERT INTO customer (cust_id, fed_id, cust_type_cd, address, city, state, postal_code) VALUES (88, '764-97-2815', 'I', '88 Street Ave', 'Brockton', 'NH', '01918');
   INSERT INTO customer (cust_id, fed_id, cust_type_cd, address, city, state, postal_code) VALUES (89, '967-17-2027', 'I', '89 Street Ave', 'Lowell', 'NH', '04303');
   INSERT INTO customer (cust_id, fed_id, cust_type_cd, address, city, state, postal_code) VALUES (90, '677-45-4436', 'I', '90 Street Ave', 'Boston', 'NH', '08770');
   INSERT INTO customer (cust_id, fed_id, cust_type_cd, address, city, state, postal_code) VALUES (91, '604-92-4891', 'I', '91 Street Ave', 'Lowell', 'MA', '08691');
   INSERT INTO customer (cust_id, fed_id, cust_type_cd, address, city, state, postal_code) VALUES (92, '977-42-3813', 'I', '92 Street Ave', 'Fall River', 'NH', '06777');
   INSERT INTO customer (cust_id, fed_id, cust_type_cd, address, city, state, postal_code) VALUES (93, '193-93-2131', 'I', '93 Street Ave', 'Boston', 'MA', '06638');
   INSERT INTO customer (cust_id, fed_id, cust_type_cd, address, city, state, postal_code) VALUES (94, '446-64-2842', 'I', '94 Street Ave', 'Cambridge', 'NH', '06252');
   INSERT INTO customer (cust_id, fed_id, cust_type_cd, address, city, state, postal_code) VALUES (95, '760-96-8888', 'I', '95 Street Ave', 'Springfield', 'MA', '08127');
   INSERT INTO customer (cust_id, fed_id, cust_type_cd, address, city, state, postal_code) VALUES (96, '881-12-9617', 'I', '96 Street Ave', 'New Bedford', 'RI', '09275');
   INSERT INTO customer (cust_id, fed_id, cust_type_cd, address, city, state, postal_code) VALUES (97, '992-47-3086', 'I', '97 Street Ave', 'Cambridge', 'NH', '04468');
   INSERT INTO customer (cust_id, fed_id, cust_type_cd, address, city, state, postal_code) VALUES (98, '548-54-5432', 'I', '98 Street Ave', 'Boston', 'NH', '07541');
   INSERT INTO customer (cust_id, fed_id, cust_type_cd, address, city, state, postal_code) VALUES (99, '498-79-4260', 'I', '99 Street Ave', 'Lynn', 'NH', '05439');
   INSERT INTO customer (cust_id, fed_id, cust_type_cd, address, city, state, postal_code) VALUES (100, '690-97-9080', 'I', '100 Street Ave', 'Fall River', 'NH', '05504');
   INSERT INTO customer (cust_id, fed_id, cust_type_cd, address, city, state, postal_code) VALUES (101, '963-97-8491', 'B', '101 Street Ave', 'Lowell', 'CT', '05201');
   INSERT INTO customer (cust_id, fed_id, cust_type_cd, address, city, state, postal_code) VALUES (102, '615-95-5971', 'B', '102 Street Ave', 'Fall River', 'MA', '08368');
   INSERT INTO customer (cust_id, fed_id, cust_type_cd, address, city, state, postal_code) VALUES (103, '586-19-1995', 'B', '103 Street Ave', 'Quincy', 'NH', '08612');
   INSERT INTO customer (cust_id, fed_id, cust_type_cd, address, city, state, postal_code) VALUES (104, '356-97-6656', 'B', '104 Street Ave', 'Lynn', 'RI', '02291');
   INSERT INTO customer (cust_id, fed_id, cust_type_cd, address, city, state, postal_code) VALUES (105, '949-96-7195', 'B', '105 Street Ave', 'Springfield', 'CT', '07130');
   INSERT INTO customer (cust_id, fed_id, cust_type_cd, address, city, state, postal_code) VALUES (106, '193-56-1668', 'B', '106 Street Ave', 'Quincy', 'CT', '05968');
   INSERT INTO customer (cust_id, fed_id, cust_type_cd, address, city, state, postal_code) VALUES (107, '312-39-8721', 'B', '107 Street Ave', 'Cambridge', 'NH', '08415');
   INSERT INTO customer (cust_id, fed_id, cust_type_cd, address, city, state, postal_code) VALUES (108, '429-86-2143', 'B', '108 Street Ave', 'New Bedford', 'MA', '06718');
   INSERT INTO customer (cust_id, fed_id, cust_type_cd, address, city, state, postal_code) VALUES (109, '530-92-5982', 'B', '109 Street Ave', 'New Bedford', 'CT', '07415');
   INSERT INTO customer (cust_id, fed_id, cust_type_cd, address, city, state, postal_code) VALUES (110, '287-60-5399', 'B', '110 Street Ave', 'Lowell', 'RI', '06633');
   INSERT INTO customer (cust_id, fed_id, cust_type_cd, address, city, state, postal_code) VALUES (111, '928-94-3066', 'B', '111 Street Ave', 'Worcester', 'RI', '03196');
   INSERT INTO customer (cust_id, fed_id, cust_type_cd, address, city, state, postal_code) VALUES (112, '948-73-6782', 'B', '112 Street Ave', 'Lowell', 'CT', '09192');
   INSERT INTO customer (cust_id, fed_id, cust_type_cd, address, city, state, postal_code) VALUES (113, '558-53-4432', 'B', '113 Street Ave', 'Springfield', 'MA', '06274');
   INSERT INTO customer (cust_id, fed_id, cust_type_cd, address, city, state, postal_code) VALUES (114, '944-56-4974', 'B', '114 Street Ave', 'Boston', 'RI', '06827');
   INSERT INTO customer (cust_id, fed_id, cust_type_cd, address, city, state, postal_code) VALUES (115, '150-87-6978', 'B', '115 Street Ave', 'Cambridge', 'RI', '06593');
   INSERT INTO customer (cust_id, fed_id, cust_type_cd, address, city, state, postal_code) VALUES (116, '624-92-6738', 'B', '116 Street Ave', 'Worcester', 'NH', '07311');
   INSERT INTO customer (cust_id, fed_id, cust_type_cd, address, city, state, postal_code) VALUES (117, '893-85-8920', 'B', '117 Street Ave', 'Cambridge', 'RI', '03774');
   INSERT INTO customer (cust_id, fed_id, cust_type_cd, address, city, state, postal_code) VALUES (118, '555-42-5814', 'B', '118 Street Ave', 'Cambridge', 'MA', '02430');
   INSERT INTO customer (cust_id, fed_id, cust_type_cd, address, city, state, postal_code) VALUES (119, '976-61-3248', 'B', '119 Street Ave', 'Quincy', 'CT', '01514');
   INSERT INTO customer (cust_id, fed_id, cust_type_cd, address, city, state, postal_code) VALUES (120, '821-87-5770', 'B', '120 Street Ave', 'Brockton', 'CT', '09882');
   INSERT INTO customer (cust_id, fed_id, cust_type_cd, address, city, state, postal_code) VALUES (121, '425-94-4771', 'B', '121 Street Ave', 'Lynn', 'NH', '02994');
   INSERT INTO customer (cust_id, fed_id, cust_type_cd, address, city, state, postal_code) VALUES (122, '834-84-3627', 'B', '122 Street Ave', 'Cambridge', 'CT', '05735');
   INSERT INTO customer (cust_id, fed_id, cust_type_cd, address, city, state, postal_code) VALUES (123, '403-25-7087', 'B', '123 Street Ave', 'Fall River', 'CT', '02926');
   INSERT INTO customer (cust_id, fed_id, cust_type_cd, address, city, state, postal_code) VALUES (124, '203-72-7540', 'B', '124 Street Ave', 'Cambridge', 'CT', '01196');
   INSERT INTO customer (cust_id, fed_id, cust_type_cd, address, city, state, postal_code) VALUES (125, '452-82-2350', 'B', '125 Street Ave', 'Lynn', 'NH', '06388');
   INSERT INTO customer (cust_id, fed_id, cust_type_cd, address, city, state, postal_code) VALUES (126, '928-72-7161', 'B', '126 Street Ave', 'Springfield', 'RI', '06672');
   INSERT INTO customer (cust_id, fed_id, cust_type_cd, address, city, state, postal_code) VALUES (127, '426-15-4490', 'B', '127 Street Ave', 'Springfield', 'RI', '09605');
   INSERT INTO customer (cust_id, fed_id, cust_type_cd, address, city, state, postal_code) VALUES (128, '654-47-2525', 'B', '128 Street Ave', 'Fall River', 'MA', '04908');
   INSERT INTO customer (cust_id, fed_id, cust_type_cd, address, city, state, postal_code) VALUES (129, '193-17-3926', 'B', '129 Street Ave', 'Boston', 'MA', '08518');
   INSERT INTO customer (cust_id, fed_id, cust_type_cd, address, city, state, postal_code) VALUES (130, '162-22-1004', 'B', '130 Street Ave', 'Quincy', 'NH', '02913');
   INSERT INTO customer (cust_id, fed_id, cust_type_cd, address, city, state, postal_code) VALUES (131, '400-13-7292', 'B', '131 Street Ave', 'Springfield', 'NH', '01136');
   INSERT INTO customer (cust_id, fed_id, cust_type_cd, address, city, state, postal_code) VALUES (132, '606-25-3828', 'B', '132 Street Ave', 'Lynn', 'NH', '03235');
   INSERT INTO customer (cust_id, fed_id, cust_type_cd, address, city, state, postal_code) VALUES (133, '996-81-9942', 'B', '133 Street Ave', 'Lowell', 'CT', '08644');
   INSERT INTO customer (cust_id, fed_id, cust_type_cd, address, city, state, postal_code) VALUES (134, '904-48-1666', 'B', '134 Street Ave', 'Worcester', 'MA', '01073');
   INSERT INTO customer (cust_id, fed_id, cust_type_cd, address, city, state, postal_code) VALUES (135, '892-43-6887', 'B', '135 Street Ave', 'Brockton', 'CT', '04418');
   INSERT INTO customer (cust_id, fed_id, cust_type_cd, address, city, state, postal_code) VALUES (136, '433-58-1042', 'B', '136 Street Ave', 'Boston', 'NH', '04852');
   INSERT INTO customer (cust_id, fed_id, cust_type_cd, address, city, state, postal_code) VALUES (137, '284-26-9402', 'B', '137 Street Ave', 'Brockton', 'NH', '06784');
   INSERT INTO customer (cust_id, fed_id, cust_type_cd, address, city, state, postal_code) VALUES (138, '828-61-8988', 'B', '138 Street Ave', 'Fall River', 'CT', '02799');
   INSERT INTO customer (cust_id, fed_id, cust_type_cd, address, city, state, postal_code) VALUES (139, '441-47-6430', 'B', '139 Street Ave', 'Boston', 'RI', '09839');
   INSERT INTO customer (cust_id, fed_id, cust_type_cd, address, city, state, postal_code) VALUES (140, '970-98-8686', 'B', '140 Street Ave', 'Lowell', 'CT', '07266');
   INSERT INTO customer (cust_id, fed_id, cust_type_cd, address, city, state, postal_code) VALUES (141, '507-87-6677', 'B', '141 Street Ave', 'Cambridge', 'MA', '03085');
   INSERT INTO customer (cust_id, fed_id, cust_type_cd, address, city, state, postal_code) VALUES (142, '561-41-3021', 'B', '142 Street Ave', 'Lowell', 'RI', '01664');
   INSERT INTO customer (cust_id, fed_id, cust_type_cd, address, city, state, postal_code) VALUES (143, '838-96-6373', 'B', '143 Street Ave', 'Quincy', 'NH', '03148');
   INSERT INTO customer (cust_id, fed_id, cust_type_cd, address, city, state, postal_code) VALUES (144, '602-65-9018', 'B', '144 Street Ave', 'Lynn', 'CT', '02959');
   INSERT INTO customer (cust_id, fed_id, cust_type_cd, address, city, state, postal_code) VALUES (145, '897-67-4469', 'B', '145 Street Ave', 'Fall River', 'RI', '09324');
   INSERT INTO customer (cust_id, fed_id, cust_type_cd, address, city, state, postal_code) VALUES (146, '418-70-8912', 'B', '146 Street Ave', 'Brockton', 'RI', '05439');
   INSERT INTO customer (cust_id, fed_id, cust_type_cd, address, city, state, postal_code) VALUES (147, '440-65-4853', 'B', '147 Street Ave', 'Brockton', 'RI', '05844');
   INSERT INTO customer (cust_id, fed_id, cust_type_cd, address, city, state, postal_code) VALUES (148, '629-60-2253', 'B', '148 Street Ave', 'Cambridge', 'NH', '06591');
   INSERT INTO customer (cust_id, fed_id, cust_type_cd, address, city, state, postal_code) VALUES (149, '455-31-3848', 'B', '149 Street Ave', 'Boston', 'RI', '01933');
   INSERT INTO customer (cust_id, fed_id, cust_type_cd, address, city, state, postal_code) VALUES (150, '885-51-7210', 'B', '150 Street Ave', 'Springfield', 'CT', '01962');


-- +=============================================================================+
-- | 7. INDIVIDUAL                                                               |
-- | Purpose: Details specific to human customers (First/Last name, Birth date). |
-- | Relationships: Shared Primary Key with 'customer' (1-to-1 relationship).    |
-- +=============================================================================+
   INSERT INTO individual (cust_id, fname, lname, birth_date) VALUES (1, 'Margaret', 'Harris', '1951-04-02');
   INSERT INTO individual (cust_id, fname, lname, birth_date) VALUES (2, 'Elizabeth', 'Smith', '1995-01-22');
   INSERT INTO individual (cust_id, fname, lname, birth_date) VALUES (3, 'Richard', 'Smith', '1953-05-11');
   INSERT INTO individual (cust_id, fname, lname, birth_date) VALUES (4, 'Elizabeth', 'Williams', '1977-06-04');
   INSERT INTO individual (cust_id, fname, lname, birth_date) VALUES (5, 'William', 'Davis', '1956-09-23');
   INSERT INTO individual (cust_id, fname, lname, birth_date) VALUES (6, 'Jessica', 'Lewis', '1969-10-03');
   INSERT INTO individual (cust_id, fname, lname, birth_date) VALUES (7, 'Mark', 'Robinson', '1954-01-12');
   INSERT INTO individual (cust_id, fname, lname, birth_date) VALUES (8, 'Elizabeth', 'Garcia', '1991-06-25');
   INSERT INTO individual (cust_id, fname, lname, birth_date) VALUES (9, 'Betty', 'Taylor', '1993-06-07');
   INSERT INTO individual (cust_id, fname, lname, birth_date) VALUES (10, 'Michael', 'Perez', '1970-02-19');
   INSERT INTO individual (cust_id, fname, lname, birth_date) VALUES (11, 'Jennifer', 'Anderson', '1968-12-08');
   INSERT INTO individual (cust_id, fname, lname, birth_date) VALUES (12, 'Christopher', 'Lee', '1999-01-12');
   INSERT INTO individual (cust_id, fname, lname, birth_date) VALUES (13, 'William', 'Harris', '1966-02-05');
   INSERT INTO individual (cust_id, fname, lname, birth_date) VALUES (14, 'Matthew', 'Martin', '1997-05-11');
   INSERT INTO individual (cust_id, fname, lname, birth_date) VALUES (15, 'Mark', 'Rodriguez', '1995-02-06');
   INSERT INTO individual (cust_id, fname, lname, birth_date) VALUES (16, 'Robert', 'Jackson', '1983-02-19');
   INSERT INTO individual (cust_id, fname, lname, birth_date) VALUES (17, 'Barbara', 'Garcia', '1999-06-25');
   INSERT INTO individual (cust_id, fname, lname, birth_date) VALUES (18, 'Richard', 'Martin', '1975-04-26');
   INSERT INTO individual (cust_id, fname, lname, birth_date) VALUES (19, 'Michael', 'Ramirez', '1993-05-05');
   INSERT INTO individual (cust_id, fname, lname, birth_date) VALUES (20, 'Richard', 'Martinez', '1981-03-31');
   INSERT INTO individual (cust_id, fname, lname, birth_date) VALUES (21, 'David', 'Williams', '1967-04-25');
   INSERT INTO individual (cust_id, fname, lname, birth_date) VALUES (22, 'Joseph', 'Lee', '1999-07-18');
   INSERT INTO individual (cust_id, fname, lname, birth_date) VALUES (23, 'Patricia', 'Martinez', '1990-02-23');
   INSERT INTO individual (cust_id, fname, lname, birth_date) VALUES (24, 'James', 'Martinez', '1973-01-09');
   INSERT INTO individual (cust_id, fname, lname, birth_date) VALUES (25, 'Matthew', 'Sanchez', '1959-05-02');
   INSERT INTO individual (cust_id, fname, lname, birth_date) VALUES (26, 'Michael', 'Davis', '1957-09-23');
   INSERT INTO individual (cust_id, fname, lname, birth_date) VALUES (27, 'Charles', 'Rodriguez', '1965-04-08');
   INSERT INTO individual (cust_id, fname, lname, birth_date) VALUES (28, 'Barbara', 'Martinez', '1955-02-12');
   INSERT INTO individual (cust_id, fname, lname, birth_date) VALUES (29, 'Donald', 'Martin', '1977-03-17');
   INSERT INTO individual (cust_id, fname, lname, birth_date) VALUES (30, 'James', 'Robinson', '1959-01-03');
   INSERT INTO individual (cust_id, fname, lname, birth_date) VALUES (31, 'Susan', 'Jackson', '1993-09-26');
   INSERT INTO individual (cust_id, fname, lname, birth_date) VALUES (32, 'Jennifer', 'Williams', '1990-06-22');
   INSERT INTO individual (cust_id, fname, lname, birth_date) VALUES (33, 'Matthew', 'Perez', '1950-12-15');
   INSERT INTO individual (cust_id, fname, lname, birth_date) VALUES (34, 'Anthony', 'Jackson', '1973-04-20');
   INSERT INTO individual (cust_id, fname, lname, birth_date) VALUES (35, 'Anthony', 'Johnson', '1955-07-10');
   INSERT INTO individual (cust_id, fname, lname, birth_date) VALUES (36, 'Linda', 'Rodriguez', '1979-10-10');
   INSERT INTO individual (cust_id, fname, lname, birth_date) VALUES (37, 'Betty', 'Perez', '1968-11-04');
   INSERT INTO individual (cust_id, fname, lname, birth_date) VALUES (38, 'Lisa', 'Lee', '1957-03-18');
   INSERT INTO individual (cust_id, fname, lname, birth_date) VALUES (39, 'Mary', 'Martin', '1971-01-07');
   INSERT INTO individual (cust_id, fname, lname, birth_date) VALUES (40, 'Robert', 'Ramirez', '1951-09-23');
   INSERT INTO individual (cust_id, fname, lname, birth_date) VALUES (41, 'Anthony', 'Taylor', '1965-04-01');
   INSERT INTO individual (cust_id, fname, lname, birth_date) VALUES (42, 'Betty', 'Garcia', '1995-04-08');
   INSERT INTO individual (cust_id, fname, lname, birth_date) VALUES (43, 'Elizabeth', 'Thomas', '1956-03-12');
   INSERT INTO individual (cust_id, fname, lname, birth_date) VALUES (44, 'Susan', 'Miller', '1963-04-09');
   INSERT INTO individual (cust_id, fname, lname, birth_date) VALUES (45, 'John', 'Lopez', '1962-12-23');
   INSERT INTO individual (cust_id, fname, lname, birth_date) VALUES (46, 'Mark', 'Gonzalez', '1955-07-10');
   INSERT INTO individual (cust_id, fname, lname, birth_date) VALUES (47, 'Joseph', 'Martin', '2000-05-19');
   INSERT INTO individual (cust_id, fname, lname, birth_date) VALUES (48, 'Jessica', 'Jones', '1971-02-14');
   INSERT INTO individual (cust_id, fname, lname, birth_date) VALUES (49, 'Jessica', 'Johnson', '1985-10-11');
   INSERT INTO individual (cust_id, fname, lname, birth_date) VALUES (50, 'Barbara', 'Rodriguez', '1981-07-08');
   INSERT INTO individual (cust_id, fname, lname, birth_date) VALUES (51, 'Jennifer', 'Miller', '1971-03-18');
   INSERT INTO individual (cust_id, fname, lname, birth_date) VALUES (52, 'Mark', 'Thomas', '1992-11-27');
   INSERT INTO individual (cust_id, fname, lname, birth_date) VALUES (53, 'Richard', 'White', '1950-08-23');
   INSERT INTO individual (cust_id, fname, lname, birth_date) VALUES (54, 'Christopher', 'Wilson', '1953-01-22');
   INSERT INTO individual (cust_id, fname, lname, birth_date) VALUES (55, 'William', 'Robinson', '1974-09-18');
   INSERT INTO individual (cust_id, fname, lname, birth_date) VALUES (56, 'Betty', 'Rodriguez', '1977-11-14');
   INSERT INTO individual (cust_id, fname, lname, birth_date) VALUES (57, 'Nancy', 'Davis', '1998-11-12');
   INSERT INTO individual (cust_id, fname, lname, birth_date) VALUES (58, 'David', 'Wilson', '1967-08-02');
   INSERT INTO individual (cust_id, fname, lname, birth_date) VALUES (59, 'David', 'Gonzalez', '1977-05-15');
   INSERT INTO individual (cust_id, fname, lname, birth_date) VALUES (60, 'Charles', 'Ramirez', '1980-04-06');
   INSERT INTO individual (cust_id, fname, lname, birth_date) VALUES (61, 'Jennifer', 'Taylor', '1987-01-01');
   INSERT INTO individual (cust_id, fname, lname, birth_date) VALUES (62, 'Elizabeth', 'Jackson', '1957-08-07');
   INSERT INTO individual (cust_id, fname, lname, birth_date) VALUES (63, 'David', 'Martin', '1972-05-13');
   INSERT INTO individual (cust_id, fname, lname, birth_date) VALUES (64, 'Sandra', 'Davis', '2002-03-28');
   INSERT INTO individual (cust_id, fname, lname, birth_date) VALUES (65, 'Karen', 'Harris', '1962-12-28');
   INSERT INTO individual (cust_id, fname, lname, birth_date) VALUES (66, 'Patricia', 'Ramirez', '1999-10-01');
   INSERT INTO individual (cust_id, fname, lname, birth_date) VALUES (67, 'Elizabeth', 'Harris', '1960-06-20');
   INSERT INTO individual (cust_id, fname, lname, birth_date) VALUES (68, 'Linda', 'Rodriguez', '1972-03-31');
   INSERT INTO individual (cust_id, fname, lname, birth_date) VALUES (69, 'Patricia', 'Anderson', '2003-02-17');
   INSERT INTO individual (cust_id, fname, lname, birth_date) VALUES (70, 'Susan', 'Brown', '1998-09-05');
   INSERT INTO individual (cust_id, fname, lname, birth_date) VALUES (71, 'Betty', 'Lewis', '1985-10-27');
   INSERT INTO individual (cust_id, fname, lname, birth_date) VALUES (72, 'William', 'Anderson', '1987-04-30');
   INSERT INTO individual (cust_id, fname, lname, birth_date) VALUES (73, 'Karen', 'Sanchez', '1990-06-23');
   INSERT INTO individual (cust_id, fname, lname, birth_date) VALUES (74, 'Jessica', 'Brown', '1954-10-06');
   INSERT INTO individual (cust_id, fname, lname, birth_date) VALUES (75, 'Susan', 'Jackson', '1973-12-03');
   INSERT INTO individual (cust_id, fname, lname, birth_date) VALUES (76, 'James', 'Rodriguez', '1953-09-06');
   INSERT INTO individual (cust_id, fname, lname, birth_date) VALUES (77, 'Robert', 'Lopez', '1957-03-23');
   INSERT INTO individual (cust_id, fname, lname, birth_date) VALUES (78, 'Nancy', 'Ramirez', '1958-04-10');
   INSERT INTO individual (cust_id, fname, lname, birth_date) VALUES (79, 'Barbara', 'Ramirez', '1993-11-10');
   INSERT INTO individual (cust_id, fname, lname, birth_date) VALUES (80, 'Robert', 'Sanchez', '1956-07-19');
   INSERT INTO individual (cust_id, fname, lname, birth_date) VALUES (81, 'Thomas', 'Gonzalez', '1998-02-25');
   INSERT INTO individual (cust_id, fname, lname, birth_date) VALUES (82, 'Patricia', 'Anderson', '1994-05-04');
   INSERT INTO individual (cust_id, fname, lname, birth_date) VALUES (83, 'Joseph', 'Jackson', '1951-05-29');
   INSERT INTO individual (cust_id, fname, lname, birth_date) VALUES (84, 'Thomas', 'Lopez', '1991-09-14');
   INSERT INTO individual (cust_id, fname, lname, birth_date) VALUES (85, 'Karen', 'Sanchez', '1969-06-15');
   INSERT INTO individual (cust_id, fname, lname, birth_date) VALUES (86, 'Barbara', 'Gonzalez', '1957-01-05');
   INSERT INTO individual (cust_id, fname, lname, birth_date) VALUES (87, 'Nancy', 'Jackson', '1952-12-23');
   INSERT INTO individual (cust_id, fname, lname, birth_date) VALUES (88, 'Christopher', 'Lee', '1998-04-12');
   INSERT INTO individual (cust_id, fname, lname, birth_date) VALUES (89, 'Patricia', 'Johnson', '1988-04-08');
   INSERT INTO individual (cust_id, fname, lname, birth_date) VALUES (90, 'Susan', 'Lewis', '2003-11-23');
   INSERT INTO individual (cust_id, fname, lname, birth_date) VALUES (91, 'Mary', 'White', '1996-08-31');
   INSERT INTO individual (cust_id, fname, lname, birth_date) VALUES (92, 'Anthony', 'Thomas', '1972-03-11');
   INSERT INTO individual (cust_id, fname, lname, birth_date) VALUES (93, 'Robert', 'Jackson', '1982-07-11');
   INSERT INTO individual (cust_id, fname, lname, birth_date) VALUES (94, 'Betty', 'Sanchez', '1999-09-08');
   INSERT INTO individual (cust_id, fname, lname, birth_date) VALUES (95, 'William', 'Perez', '1984-10-25');
   INSERT INTO individual (cust_id, fname, lname, birth_date) VALUES (96, 'Sarah', 'Garcia', '1981-01-20');
   INSERT INTO individual (cust_id, fname, lname, birth_date) VALUES (97, 'Linda', 'Moore', '1987-06-23');
   INSERT INTO individual (cust_id, fname, lname, birth_date) VALUES (98, 'Elizabeth', 'Davis', '1959-04-13');
   INSERT INTO individual (cust_id, fname, lname, birth_date) VALUES (99, 'Charles', 'Taylor', '1984-11-10');
   INSERT INTO individual (cust_id, fname, lname, birth_date) VALUES (100, 'Charles', 'Clark', '1955-06-21');


-- +===============================================================================+
-- | 8. BUSINESS                                                                   |
-- | Purpose: Details specific to corporate customers (Company name, Incorp date). |
-- | Relationships: Shared Primary Key with 'customer' (1-to-1 relationship).      |
-- +===============================================================================+
   INSERT INTO business (cust_id, name, state_id, incorp_date) VALUES (101, 'Jackson Global', '74-643', '1994-08-17');
   INSERT INTO business (cust_id, name, state_id, incorp_date) VALUES (102, 'Thomas Inc', '18-474', '1992-10-01');
   INSERT INTO business (cust_id, name, state_id, incorp_date) VALUES (103, 'Thompson Solutions', '12-939', '1992-03-02');
   INSERT INTO business (cust_id, name, state_id, incorp_date) VALUES (104, 'Lopez Global', '96-867', '1998-03-22');
   INSERT INTO business (cust_id, name, state_id, incorp_date) VALUES (105, 'Brown Enterprises', '64-197', '1999-03-13');
   INSERT INTO business (cust_id, name, state_id, incorp_date) VALUES (106, 'Johnson Solutions', '52-605', '2003-02-24');
   INSERT INTO business (cust_id, name, state_id, incorp_date) VALUES (107, 'Williams Solutions', '96-590', '1994-07-27');
   INSERT INTO business (cust_id, name, state_id, incorp_date) VALUES (108, 'Brown Enterprises', '50-967', '2005-10-07');
   INSERT INTO business (cust_id, name, state_id, incorp_date) VALUES (109, 'Williams Enterprises', '57-590', '1997-05-25');
   INSERT INTO business (cust_id, name, state_id, incorp_date) VALUES (110, 'Anderson Enterprises', '39-231', '2001-05-10');
   INSERT INTO business (cust_id, name, state_id, incorp_date) VALUES (111, 'Harris LLC', '11-819', '2001-08-18');
   INSERT INTO business (cust_id, name, state_id, incorp_date) VALUES (112, 'Martinez Solutions', '94-824', '1990-07-09');
   INSERT INTO business (cust_id, name, state_id, incorp_date) VALUES (113, 'Clark Inc', '52-590', '2016-05-30');
   INSERT INTO business (cust_id, name, state_id, incorp_date) VALUES (114, 'Lee Solutions', '68-835', '1994-04-20');
   INSERT INTO business (cust_id, name, state_id, incorp_date) VALUES (115, 'Taylor LLC', '88-267', '1999-09-01');
   INSERT INTO business (cust_id, name, state_id, incorp_date) VALUES (116, 'Sanchez LLC', '98-193', '1997-06-01');
   INSERT INTO business (cust_id, name, state_id, incorp_date) VALUES (117, 'Taylor Global', '57-351', '2011-02-15');
   INSERT INTO business (cust_id, name, state_id, incorp_date) VALUES (118, 'Anderson LLC', '30-616', '2005-07-25');
   INSERT INTO business (cust_id, name, state_id, incorp_date) VALUES (119, 'Harris Solutions', '50-569', '1996-06-11');
   INSERT INTO business (cust_id, name, state_id, incorp_date) VALUES (120, 'Thompson Enterprises', '29-258', '2007-11-05');
   INSERT INTO business (cust_id, name, state_id, incorp_date) VALUES (121, 'Ramirez Enterprises', '92-809', '1998-03-27');
   INSERT INTO business (cust_id, name, state_id, incorp_date) VALUES (122, 'Johnson Global', '55-285', '1993-07-27');
   INSERT INTO business (cust_id, name, state_id, incorp_date) VALUES (123, 'Smith Inc', '36-658', '2015-08-25');
   INSERT INTO business (cust_id, name, state_id, incorp_date) VALUES (124, 'Rodriguez LLC', '85-170', '1990-05-27');
   INSERT INTO business (cust_id, name, state_id, incorp_date) VALUES (125, 'Lopez Inc', '90-399', '2003-12-22');
   INSERT INTO business (cust_id, name, state_id, incorp_date) VALUES (126, 'Jones Solutions', '71-820', '2005-06-15');
   INSERT INTO business (cust_id, name, state_id, incorp_date) VALUES (127, 'Moore Enterprises', '60-231', '1996-08-01');
   INSERT INTO business (cust_id, name, state_id, incorp_date) VALUES (128, 'Moore Solutions', '10-777', '2009-04-06');
   INSERT INTO business (cust_id, name, state_id, incorp_date) VALUES (129, 'Lopez Solutions', '27-859', '2017-02-08');
   INSERT INTO business (cust_id, name, state_id, incorp_date) VALUES (130, 'Ramirez Enterprises', '50-968', '2006-01-10');
   INSERT INTO business (cust_id, name, state_id, incorp_date) VALUES (131, 'Sanchez Enterprises', '29-125', '2011-07-14');
   INSERT INTO business (cust_id, name, state_id, incorp_date) VALUES (132, 'Miller Solutions', '69-515', '1995-12-02');
   INSERT INTO business (cust_id, name, state_id, incorp_date) VALUES (133, 'Clark LLC', '20-383', '2002-07-28');
   INSERT INTO business (cust_id, name, state_id, incorp_date) VALUES (134, 'Sanchez Global', '16-682', '1991-11-28');
   INSERT INTO business (cust_id, name, state_id, incorp_date) VALUES (135, 'Harris Enterprises', '47-681', '1995-02-11');
   INSERT INTO business (cust_id, name, state_id, incorp_date) VALUES (136, 'Miller LLC', '55-639', '1995-09-17');
   INSERT INTO business (cust_id, name, state_id, incorp_date) VALUES (137, 'Miller Inc', '14-263', '1998-10-05');
   INSERT INTO business (cust_id, name, state_id, incorp_date) VALUES (138, 'Ramirez LLC', '10-121', '2000-08-22');
   INSERT INTO business (cust_id, name, state_id, incorp_date) VALUES (139, 'Lee LLC', '67-311', '1993-12-22');
   INSERT INTO business (cust_id, name, state_id, incorp_date) VALUES (140, 'Martin Inc', '79-840', '1999-09-22');
   INSERT INTO business (cust_id, name, state_id, incorp_date) VALUES (141, 'Davis Solutions', '44-530', '2015-06-27');
   INSERT INTO business (cust_id, name, state_id, incorp_date) VALUES (142, 'Miller Solutions', '43-155', '2005-12-11');
   INSERT INTO business (cust_id, name, state_id, incorp_date) VALUES (143, 'Moore Solutions', '17-599', '2007-09-05');
   INSERT INTO business (cust_id, name, state_id, incorp_date) VALUES (144, 'Martin Solutions', '32-579', '2002-07-02');
   INSERT INTO business (cust_id, name, state_id, incorp_date) VALUES (145, 'Davis Solutions', '22-196', '2010-01-20');
   INSERT INTO business (cust_id, name, state_id, incorp_date) VALUES (146, 'Jones Global', '93-737', '2007-02-17');
   INSERT INTO business (cust_id, name, state_id, incorp_date) VALUES (147, 'Davis Enterprises', '44-256', '1992-12-09');
   INSERT INTO business (cust_id, name, state_id, incorp_date) VALUES (148, 'Smith Solutions', '76-593', '1991-11-17');
   INSERT INTO business (cust_id, name, state_id, incorp_date) VALUES (149, 'Lee Global', '43-740', '2005-01-03');
   INSERT INTO business (cust_id, name, state_id, incorp_date) VALUES (150, 'Lewis Global', '31-693', '1995-04-22');


-- +=============================================================================+
-- | 9. OFFICER                                                                  |
-- | Purpose: Identifies the authorized person representing a Business customer. |
-- | Relationships: Links a person (officer) to a specific business (cust_id).   |
-- +=============================================================================+
   INSERT INTO officer (officer_id, cust_id, fname, lname, title, start_date) VALUES (1, 101, 'Charles', 'Harris', 'Manager', '2018-01-01');
   INSERT INTO officer (officer_id, cust_id, fname, lname, title, start_date) VALUES (2, 102, 'Lisa', 'Gonzalez', 'CFO', '2018-01-01');
   INSERT INTO officer (officer_id, cust_id, fname, lname, title, start_date) VALUES (3, 103, 'Barbara', 'Lee', 'Manager', '2018-01-01');
   INSERT INTO officer (officer_id, cust_id, fname, lname, title, start_date) VALUES (4, 104, 'Sarah', 'Moore', 'Manager', '2018-01-01');
   INSERT INTO officer (officer_id, cust_id, fname, lname, title, start_date) VALUES (5, 105, 'Sarah', 'Lopez', 'Manager', '2018-01-01');
   INSERT INTO officer (officer_id, cust_id, fname, lname, title, start_date) VALUES (6, 106, 'Karen', 'Thomas', 'Manager', '2018-01-01');
   INSERT INTO officer (officer_id, cust_id, fname, lname, title, start_date) VALUES (7, 107, 'William', 'Taylor', 'Manager', '2018-01-01');
   INSERT INTO officer (officer_id, cust_id, fname, lname, title, start_date) VALUES (8, 108, 'Linda', 'Moore', 'CFO', '2018-01-01');
   INSERT INTO officer (officer_id, cust_id, fname, lname, title, start_date) VALUES (9, 109, 'John', 'Brown', 'CEO', '2018-01-01');
   INSERT INTO officer (officer_id, cust_id, fname, lname, title, start_date) VALUES (10, 110, 'Charles', 'Thomas', 'CFO', '2018-01-01');
   INSERT INTO officer (officer_id, cust_id, fname, lname, title, start_date) VALUES (11, 111, 'Michael', 'Wilson', 'Owner', '2018-01-01');
   INSERT INTO officer (officer_id, cust_id, fname, lname, title, start_date) VALUES (12, 112, 'Michael', 'Johnson', 'CEO', '2018-01-01');
   INSERT INTO officer (officer_id, cust_id, fname, lname, title, start_date) VALUES (13, 113, 'Richard', 'Anderson', 'Owner', '2018-01-01');
   INSERT INTO officer (officer_id, cust_id, fname, lname, title, start_date) VALUES (14, 114, 'John', 'Garcia', 'Owner', '2018-01-01');
   INSERT INTO officer (officer_id, cust_id, fname, lname, title, start_date) VALUES (15, 115, 'Thomas', 'Clark', 'Owner', '2018-01-01');
   INSERT INTO officer (officer_id, cust_id, fname, lname, title, start_date) VALUES (16, 116, 'William', 'Jackson', 'CEO', '2018-01-01');
   INSERT INTO officer (officer_id, cust_id, fname, lname, title, start_date) VALUES (17, 117, 'Mary', 'Garcia', 'Manager', '2018-01-01');
   INSERT INTO officer (officer_id, cust_id, fname, lname, title, start_date) VALUES (18, 118, 'John', 'Thompson', 'CEO', '2018-01-01');
   INSERT INTO officer (officer_id, cust_id, fname, lname, title, start_date) VALUES (19, 119, 'Betty', 'Martinez', 'CEO', '2018-01-01');
   INSERT INTO officer (officer_id, cust_id, fname, lname, title, start_date) VALUES (20, 120, 'Mark', 'Thompson', 'CFO', '2018-01-01');
   INSERT INTO officer (officer_id, cust_id, fname, lname, title, start_date) VALUES (21, 121, 'Lisa', 'Perez', 'Manager', '2018-01-01');
   INSERT INTO officer (officer_id, cust_id, fname, lname, title, start_date) VALUES (22, 122, 'Michael', 'Rodriguez', 'CEO', '2018-01-01');
   INSERT INTO officer (officer_id, cust_id, fname, lname, title, start_date) VALUES (23, 123, 'Barbara', 'Sanchez', 'CEO', '2018-01-01');
   INSERT INTO officer (officer_id, cust_id, fname, lname, title, start_date) VALUES (24, 124, 'Joseph', 'Wilson', 'Manager', '2018-01-01');
   INSERT INTO officer (officer_id, cust_id, fname, lname, title, start_date) VALUES (25, 125, 'Christopher', 'Brown', 'CFO', '2018-01-01');
   INSERT INTO officer (officer_id, cust_id, fname, lname, title, start_date) VALUES (26, 126, 'Susan', 'Clark', 'CEO', '2018-01-01');
   INSERT INTO officer (officer_id, cust_id, fname, lname, title, start_date) VALUES (27, 127, 'Christopher', 'Perez', 'CFO', '2018-01-01');
   INSERT INTO officer (officer_id, cust_id, fname, lname, title, start_date) VALUES (28, 128, 'Robert', 'White', 'CEO', '2018-01-01');
   INSERT INTO officer (officer_id, cust_id, fname, lname, title, start_date) VALUES (29, 129, 'Thomas', 'Rodriguez', 'Owner', '2018-01-01');
   INSERT INTO officer (officer_id, cust_id, fname, lname, title, start_date) VALUES (30, 130, 'Thomas', 'Perez', 'Owner', '2018-01-01');
   INSERT INTO officer (officer_id, cust_id, fname, lname, title, start_date) VALUES (31, 131, 'Lisa', 'Davis', 'Owner', '2018-01-01');
   INSERT INTO officer (officer_id, cust_id, fname, lname, title, start_date) VALUES (32, 132, 'Karen', 'Gonzalez', 'CFO', '2018-01-01');
   INSERT INTO officer (officer_id, cust_id, fname, lname, title, start_date) VALUES (33, 133, 'Robert', 'Gonzalez', 'Owner', '2018-01-01');
   INSERT INTO officer (officer_id, cust_id, fname, lname, title, start_date) VALUES (34, 134, 'David', 'White', 'Manager', '2018-01-01');
   INSERT INTO officer (officer_id, cust_id, fname, lname, title, start_date) VALUES (35, 135, 'William', 'Miller', 'Owner', '2018-01-01');
   INSERT INTO officer (officer_id, cust_id, fname, lname, title, start_date) VALUES (36, 136, 'Christopher', 'Davis', 'CFO', '2018-01-01');
   INSERT INTO officer (officer_id, cust_id, fname, lname, title, start_date) VALUES (37, 137, 'Anthony', 'Clark', 'Manager', '2018-01-01');
   INSERT INTO officer (officer_id, cust_id, fname, lname, title, start_date) VALUES (38, 138, 'Robert', 'Taylor', 'Owner', '2018-01-01');
   INSERT INTO officer (officer_id, cust_id, fname, lname, title, start_date) VALUES (39, 139, 'Elizabeth', 'Thomas', 'Manager', '2018-01-01');
   INSERT INTO officer (officer_id, cust_id, fname, lname, title, start_date) VALUES (40, 140, 'Richard', 'Moore', 'CEO', '2018-01-01');
   INSERT INTO officer (officer_id, cust_id, fname, lname, title, start_date) VALUES (41, 141, 'Linda', 'Johnson', 'CEO', '2018-01-01');
   INSERT INTO officer (officer_id, cust_id, fname, lname, title, start_date) VALUES (42, 142, 'John', 'Martinez', 'CFO', '2018-01-01');
   INSERT INTO officer (officer_id, cust_id, fname, lname, title, start_date) VALUES (43, 143, 'Richard', 'Anderson', 'CEO', '2018-01-01');
   INSERT INTO officer (officer_id, cust_id, fname, lname, title, start_date) VALUES (44, 144, 'Mary', 'Gonzalez', 'CEO', '2018-01-01');
   INSERT INTO officer (officer_id, cust_id, fname, lname, title, start_date) VALUES (45, 145, 'Patricia', 'Williams', 'CFO', '2018-01-01');
   INSERT INTO officer (officer_id, cust_id, fname, lname, title, start_date) VALUES (46, 146, 'Donald', 'Perez', 'Owner', '2018-01-01');
   INSERT INTO officer (officer_id, cust_id, fname, lname, title, start_date) VALUES (47, 147, 'Anthony', 'Brown', 'CFO', '2018-01-01');
   INSERT INTO officer (officer_id, cust_id, fname, lname, title, start_date) VALUES (48, 148, 'William', 'Williams', 'Manager', '2018-01-01');
   INSERT INTO officer (officer_id, cust_id, fname, lname, title, start_date) VALUES (49, 149, 'Elizabeth', 'Lee', 'Manager', '2018-01-01');
   INSERT INTO officer (officer_id, cust_id, fname, lname, title, start_date) VALUES (50, 150, 'Jennifer', 'Lee', 'CFO', '2018-01-01');


-- +===============================================================================+
-- | 10. ACCOUNT                                                                   |
-- | Purpose: The central table holding balances and status for customer products. |
-- | Relationships: Connects a Customer, a Product, a Branch, and an Employee.     |
-- +===============================================================================+
   INSERT INTO account (account_id, product_cd, cust_id, open_date, status, open_branch_id, open_emp_id, avail_balance, pending_balance) VALUES (1, 'LIFE', 21, '2022-09-11', 'ACTIVE', 10, 2, 90449.93, 90449.93);
   INSERT INTO account (account_id, product_cd, cust_id, open_date, status, open_branch_id, open_emp_id, avail_balance, pending_balance) VALUES (2, 'CHK', 54, '2022-07-11', 'ACTIVE', 46, 78, 90179.17, 90179.17);
   INSERT INTO account (account_id, product_cd, cust_id, open_date, status, open_branch_id, open_emp_id, avail_balance, pending_balance) VALUES (3, 'LIFE', 90, '2020-09-24', 'ACTIVE', 6, 74, 10504.24, 10504.24);
   INSERT INTO account (account_id, product_cd, cust_id, open_date, status, open_branch_id, open_emp_id, avail_balance, pending_balance) VALUES (4, 'SBL', 37, '2020-06-29', 'ACTIVE', 15, 89, 33275.31, 33275.31);
   INSERT INTO account (account_id, product_cd, cust_id, open_date, status, open_branch_id, open_emp_id, avail_balance, pending_balance) VALUES (5, 'STK', 62, '2022-05-25', 'FROZEN', 41, 13, 806.37, 806.37);
   INSERT INTO account (account_id, product_cd, cust_id, open_date, status, open_branch_id, open_emp_id, avail_balance, pending_balance) VALUES (6, 'SBL', 94, '2020-02-23', 'ACTIVE', 29, 57, 77999.23, 77999.23);
   INSERT INTO account (account_id, product_cd, cust_id, open_date, status, open_branch_id, open_emp_id, avail_balance, pending_balance) VALUES (7, 'MM', 96, '2020-06-17', 'ACTIVE', 18, 33, 22166.98, 22166.98);
   INSERT INTO account (account_id, product_cd, cust_id, open_date, status, open_branch_id, open_emp_id, avail_balance, pending_balance) VALUES (8, 'STK', 133, '2020-09-29', 'ACTIVE', 12, 80, 97829.88, 97829.88);
   INSERT INTO account (account_id, product_cd, cust_id, open_date, status, open_branch_id, open_emp_id, avail_balance, pending_balance) VALUES (9, 'LIFE', 128, '2020-02-29', 'ACTIVE', 50, 81, 1165.29, 1165.29);
   INSERT INTO account (account_id, product_cd, cust_id, open_date, status, open_branch_id, open_emp_id, avail_balance, pending_balance) VALUES (10, 'BUS', 14, '2022-02-16', 'ACTIVE', 49, 87, 43413.77, 43413.77);
   INSERT INTO account (account_id, product_cd, cust_id, open_date, status, open_branch_id, open_emp_id, avail_balance, pending_balance) VALUES (11, 'SAV', 92, '2020-04-28', 'ACTIVE', 6, 85, 45328.41, 45328.41);
   INSERT INTO account (account_id, product_cd, cust_id, open_date, status, open_branch_id, open_emp_id, avail_balance, pending_balance) VALUES (12, 'STK', 54, '2022-01-24', 'ACTIVE', 24, 50, 58715.6, 58715.6);
   INSERT INTO account (account_id, product_cd, cust_id, open_date, status, open_branch_id, open_emp_id, avail_balance, pending_balance) VALUES (13, 'LIFE', 127, '2021-09-26', 'ACTIVE', 46, 10, 30550.42, 30550.42);
   INSERT INTO account (account_id, product_cd, cust_id, open_date, status, open_branch_id, open_emp_id, avail_balance, pending_balance) VALUES (14, 'MRT', 55, '2021-12-19', 'ACTIVE', 49, 26, 25288.84, 25288.84);
   INSERT INTO account (account_id, product_cd, cust_id, open_date, status, open_branch_id, open_emp_id, avail_balance, pending_balance) VALUES (15, 'SAV', 10, '2021-05-29', 'ACTIVE', 5, 16, 24879.65, 24879.65);
   INSERT INTO account (account_id, product_cd, cust_id, open_date, status, open_branch_id, open_emp_id, avail_balance, pending_balance) VALUES (16, 'CHK', 62, '2021-05-16', 'ACTIVE', 49, 57, 18218.99, 18218.99);
   INSERT INTO account (account_id, product_cd, cust_id, open_date, status, open_branch_id, open_emp_id, avail_balance, pending_balance) VALUES (17, 'CHK', 54, '2021-04-26', 'ACTIVE', 2, 51, 87046.61, 87046.61);
   INSERT INTO account (account_id, product_cd, cust_id, open_date, status, open_branch_id, open_emp_id, avail_balance, pending_balance) VALUES (18, 'CD', 4, '2022-06-23', 'ACTIVE', 2, 59, 81896.84, 81896.84);
   INSERT INTO account (account_id, product_cd, cust_id, open_date, status, open_branch_id, open_emp_id, avail_balance, pending_balance) VALUES (19, 'BUS', 45, '2022-09-20', 'ACTIVE', 8, 67, 44176.53, 44176.53);
   INSERT INTO account (account_id, product_cd, cust_id, open_date, status, open_branch_id, open_emp_id, avail_balance, pending_balance) VALUES (20, 'MRT', 101, '2020-02-22', 'ACTIVE', 10, 33, 30978.71, 30978.71);
   INSERT INTO account (account_id, product_cd, cust_id, open_date, status, open_branch_id, open_emp_id, avail_balance, pending_balance) VALUES (21, 'CD', 68, '2020-02-12', 'ACTIVE', 10, 65, 41684.76, 41684.76);
   INSERT INTO account (account_id, product_cd, cust_id, open_date, status, open_branch_id, open_emp_id, avail_balance, pending_balance) VALUES (22, 'AUT', 75, '2020-03-10', 'ACTIVE', 34, 26, 57564.03, 57564.03);
   INSERT INTO account (account_id, product_cd, cust_id, open_date, status, open_branch_id, open_emp_id, avail_balance, pending_balance) VALUES (23, 'MM', 89, '2022-07-13', 'ACTIVE', 45, 80, 34358.01, 34358.01);
   INSERT INTO account (account_id, product_cd, cust_id, open_date, status, open_branch_id, open_emp_id, avail_balance, pending_balance) VALUES (24, 'CD', 18, '2021-10-08', 'ACTIVE', 29, 12, 42340.37, 42340.37);
   INSERT INTO account (account_id, product_cd, cust_id, open_date, status, open_branch_id, open_emp_id, avail_balance, pending_balance) VALUES (25, 'CHK', 97, '2021-08-07', 'ACTIVE', 18, 56, 21153.94, 21153.94);
   INSERT INTO account (account_id, product_cd, cust_id, open_date, status, open_branch_id, open_emp_id, avail_balance, pending_balance) VALUES (26, 'AUT', 77, '2020-09-03', 'ACTIVE', 32, 67, 45112.1, 45112.1);
   INSERT INTO account (account_id, product_cd, cust_id, open_date, status, open_branch_id, open_emp_id, avail_balance, pending_balance) VALUES (27, 'MM', 148, '2020-07-20', 'ACTIVE', 16, 46, 86711.34, 86711.34);
   INSERT INTO account (account_id, product_cd, cust_id, open_date, status, open_branch_id, open_emp_id, avail_balance, pending_balance) VALUES (28, 'MM', 103, '2020-07-09', 'ACTIVE', 10, 20, 42677.36, 42677.36);
   INSERT INTO account (account_id, product_cd, cust_id, open_date, status, open_branch_id, open_emp_id, avail_balance, pending_balance) VALUES (29, 'MRT', 106, '2022-07-22', 'ACTIVE', 46, 71, 27486.26, 27486.26);
   INSERT INTO account (account_id, product_cd, cust_id, open_date, status, open_branch_id, open_emp_id, avail_balance, pending_balance) VALUES (30, 'MRT', 39, '2020-10-15', 'ACTIVE', 16, 87, 97252.42, 97252.42);
   INSERT INTO account (account_id, product_cd, cust_id, open_date, status, open_branch_id, open_emp_id, avail_balance, pending_balance) VALUES (31, 'SBL', 25, '2022-04-15', 'ACTIVE', 23, 63, 8896.19, 8896.19);
   INSERT INTO account (account_id, product_cd, cust_id, open_date, status, open_branch_id, open_emp_id, avail_balance, pending_balance) VALUES (32, 'MM', 104, '2021-03-09', 'ACTIVE', 45, 22, 11408.09, 11408.09);
   INSERT INTO account (account_id, product_cd, cust_id, open_date, status, open_branch_id, open_emp_id, avail_balance, pending_balance) VALUES (33, 'CHK', 44, '2021-09-16', 'ACTIVE', 50, 53, 64081.83, 64081.83);
   INSERT INTO account (account_id, product_cd, cust_id, open_date, status, open_branch_id, open_emp_id, avail_balance, pending_balance) VALUES (34, 'AUT', 104, '2021-08-08', 'CLOSED', 37, 4, 31449.39, 31449.39);
   INSERT INTO account (account_id, product_cd, cust_id, open_date, status, open_branch_id, open_emp_id, avail_balance, pending_balance) VALUES (35, 'BUS', 59, '2021-04-11', 'ACTIVE', 49, 40, 6487.4, 6487.4);
   INSERT INTO account (account_id, product_cd, cust_id, open_date, status, open_branch_id, open_emp_id, avail_balance, pending_balance) VALUES (36, 'SBL', 108, '2020-04-14', 'ACTIVE', 16, 55, 81824.41, 81824.41);
   INSERT INTO account (account_id, product_cd, cust_id, open_date, status, open_branch_id, open_emp_id, avail_balance, pending_balance) VALUES (37, 'BUS', 93, '2020-08-23', 'ACTIVE', 25, 80, 11959.94, 11959.94);
   INSERT INTO account (account_id, product_cd, cust_id, open_date, status, open_branch_id, open_emp_id, avail_balance, pending_balance) VALUES (38, 'STK', 77, '2020-06-25', 'ACTIVE', 41, 15, 77687.84, 77687.84);
   INSERT INTO account (account_id, product_cd, cust_id, open_date, status, open_branch_id, open_emp_id, avail_balance, pending_balance) VALUES (39, 'CHK', 143, '2021-05-04', 'ACTIVE', 11, 17, 55989.12, 55989.12);
   INSERT INTO account (account_id, product_cd, cust_id, open_date, status, open_branch_id, open_emp_id, avail_balance, pending_balance) VALUES (40, 'AUT', 74, '2021-03-12', 'ACTIVE', 12, 41, 54818.16, 54818.16);
   INSERT INTO account (account_id, product_cd, cust_id, open_date, status, open_branch_id, open_emp_id, avail_balance, pending_balance) VALUES (41, 'LIFE', 101, '2022-09-12', 'ACTIVE', 50, 1, 84493.44, 84493.44);
   INSERT INTO account (account_id, product_cd, cust_id, open_date, status, open_branch_id, open_emp_id, avail_balance, pending_balance) VALUES (42, 'CHK', 35, '2021-08-15', 'ACTIVE', 25, 37, 40114.56, 40114.56);
   INSERT INTO account (account_id, product_cd, cust_id, open_date, status, open_branch_id, open_emp_id, avail_balance, pending_balance) VALUES (43, 'SBL', 34, '2021-12-16', 'ACTIVE', 33, 56, 72067.26, 72067.26);
   INSERT INTO account (account_id, product_cd, cust_id, open_date, status, open_branch_id, open_emp_id, avail_balance, pending_balance) VALUES (44, 'CD', 78, '2021-12-27', 'ACTIVE', 18, 67, 91583.12, 91583.12);
   INSERT INTO account (account_id, product_cd, cust_id, open_date, status, open_branch_id, open_emp_id, avail_balance, pending_balance) VALUES (45, 'SBL', 15, '2020-03-14', 'FROZEN', 26, 34, 8657.03, 8657.03);
   INSERT INTO account (account_id, product_cd, cust_id, open_date, status, open_branch_id, open_emp_id, avail_balance, pending_balance) VALUES (46, 'STK', 123, '2020-11-23', 'ACTIVE', 41, 97, 88791.66, 88791.66);
   INSERT INTO account (account_id, product_cd, cust_id, open_date, status, open_branch_id, open_emp_id, avail_balance, pending_balance) VALUES (47, 'AUT', 150, '2022-08-14', 'ACTIVE', 46, 39, 37871.12, 37871.12);
   INSERT INTO account (account_id, product_cd, cust_id, open_date, status, open_branch_id, open_emp_id, avail_balance, pending_balance) VALUES (48, 'BUS', 43, '2021-12-17', 'ACTIVE', 16, 7, 43359.15, 43359.15);
   INSERT INTO account (account_id, product_cd, cust_id, open_date, status, open_branch_id, open_emp_id, avail_balance, pending_balance) VALUES (49, 'AUT', 115, '2021-10-12', 'ACTIVE', 6, 6, 60321.28, 60321.28);
   INSERT INTO account (account_id, product_cd, cust_id, open_date, status, open_branch_id, open_emp_id, avail_balance, pending_balance) VALUES (50, 'MRT', 61, '2020-06-20', 'ACTIVE', 5, 50, 60273.3, 60273.3);
   INSERT INTO account (account_id, product_cd, cust_id, open_date, status, open_branch_id, open_emp_id, avail_balance, pending_balance) VALUES (51, 'SAV', 147, '2022-09-23', 'FROZEN', 1, 87, 26039.0, 26039.0);
   INSERT INTO account (account_id, product_cd, cust_id, open_date, status, open_branch_id, open_emp_id, avail_balance, pending_balance) VALUES (52, 'MRT', 6, '2022-03-06', 'ACTIVE', 22, 8, 2124.9, 2124.9);
   INSERT INTO account (account_id, product_cd, cust_id, open_date, status, open_branch_id, open_emp_id, avail_balance, pending_balance) VALUES (53, 'CD', 42, '2022-07-28', 'ACTIVE', 44, 49, 77774.36, 77774.36);
   INSERT INTO account (account_id, product_cd, cust_id, open_date, status, open_branch_id, open_emp_id, avail_balance, pending_balance) VALUES (54, 'STK', 94, '2022-07-06', 'ACTIVE', 9, 57, 4899.09, 4899.09);
   INSERT INTO account (account_id, product_cd, cust_id, open_date, status, open_branch_id, open_emp_id, avail_balance, pending_balance) VALUES (55, 'MM', 117, '2022-09-14', 'FROZEN', 32, 65, 38542.63, 38542.63);
   INSERT INTO account (account_id, product_cd, cust_id, open_date, status, open_branch_id, open_emp_id, avail_balance, pending_balance) VALUES (56, 'SAV', 42, '2022-08-04', 'ACTIVE', 29, 11, 93424.68, 93424.68);
   INSERT INTO account (account_id, product_cd, cust_id, open_date, status, open_branch_id, open_emp_id, avail_balance, pending_balance) VALUES (57, 'CD', 21, '2020-02-28', 'FROZEN', 3, 35, 92269.63, 92269.63);
   INSERT INTO account (account_id, product_cd, cust_id, open_date, status, open_branch_id, open_emp_id, avail_balance, pending_balance) VALUES (58, 'SBL', 17, '2022-05-09', 'ACTIVE', 10, 46, 21839.9, 21839.9);
   INSERT INTO account (account_id, product_cd, cust_id, open_date, status, open_branch_id, open_emp_id, avail_balance, pending_balance) VALUES (59, 'BUS', 53, '2020-07-24', 'ACTIVE', 47, 92, 73488.06, 73488.06);
   INSERT INTO account (account_id, product_cd, cust_id, open_date, status, open_branch_id, open_emp_id, avail_balance, pending_balance) VALUES (60, 'SBL', 143, '2022-03-11', 'ACTIVE', 30, 49, 5138.52, 5138.52);
   INSERT INTO account (account_id, product_cd, cust_id, open_date, status, open_branch_id, open_emp_id, avail_balance, pending_balance) VALUES (61, 'AUT', 117, '2022-01-11', 'CLOSED', 20, 53, 65149.41, 65149.41);
   INSERT INTO account (account_id, product_cd, cust_id, open_date, status, open_branch_id, open_emp_id, avail_balance, pending_balance) VALUES (62, 'BUS', 106, '2020-11-07', 'ACTIVE', 21, 57, 10451.49, 10451.49);
   INSERT INTO account (account_id, product_cd, cust_id, open_date, status, open_branch_id, open_emp_id, avail_balance, pending_balance) VALUES (63, 'AUT', 2, '2022-08-28', 'ACTIVE', 19, 94, 27070.97, 27070.97);
   INSERT INTO account (account_id, product_cd, cust_id, open_date, status, open_branch_id, open_emp_id, avail_balance, pending_balance) VALUES (64, 'CHK', 104, '2021-01-30', 'ACTIVE', 49, 75, 33162.66, 33162.66);
   INSERT INTO account (account_id, product_cd, cust_id, open_date, status, open_branch_id, open_emp_id, avail_balance, pending_balance) VALUES (65, 'MM', 65, '2020-08-14', 'ACTIVE', 24, 64, 72501.72, 72501.72);
   INSERT INTO account (account_id, product_cd, cust_id, open_date, status, open_branch_id, open_emp_id, avail_balance, pending_balance) VALUES (66, 'LIFE', 114, '2022-01-10', 'ACTIVE', 36, 20, 46208.15, 46208.15);
   INSERT INTO account (account_id, product_cd, cust_id, open_date, status, open_branch_id, open_emp_id, avail_balance, pending_balance) VALUES (67, 'SBL', 116, '2021-07-07', 'ACTIVE', 30, 81, 50278.44, 50278.44);
   INSERT INTO account (account_id, product_cd, cust_id, open_date, status, open_branch_id, open_emp_id, avail_balance, pending_balance) VALUES (68, 'MRT', 92, '2020-10-27', 'ACTIVE', 17, 18, 45505.59, 45505.59);
   INSERT INTO account (account_id, product_cd, cust_id, open_date, status, open_branch_id, open_emp_id, avail_balance, pending_balance) VALUES (69, 'CHK', 7, '2020-04-13', 'ACTIVE', 3, 33, 55409.96, 55409.96);
   INSERT INTO account (account_id, product_cd, cust_id, open_date, status, open_branch_id, open_emp_id, avail_balance, pending_balance) VALUES (70, 'SAV', 143, '2020-01-09', 'ACTIVE', 27, 65, 66565.75, 66565.75);
   INSERT INTO account (account_id, product_cd, cust_id, open_date, status, open_branch_id, open_emp_id, avail_balance, pending_balance) VALUES (71, 'MM', 29, '2020-03-06', 'ACTIVE', 31, 44, 22438.02, 22438.02);
   INSERT INTO account (account_id, product_cd, cust_id, open_date, status, open_branch_id, open_emp_id, avail_balance, pending_balance) VALUES (72, 'CHK', 33, '2021-07-04', 'ACTIVE', 38, 83, 87232.19, 87232.19);
   INSERT INTO account (account_id, product_cd, cust_id, open_date, status, open_branch_id, open_emp_id, avail_balance, pending_balance) VALUES (73, 'SBL', 121, '2021-04-08', 'FROZEN', 3, 63, 69037.05, 69037.05);
   INSERT INTO account (account_id, product_cd, cust_id, open_date, status, open_branch_id, open_emp_id, avail_balance, pending_balance) VALUES (74, 'SAV', 134, '2022-05-14', 'CLOSED', 8, 40, 62008.08, 62008.08);
   INSERT INTO account (account_id, product_cd, cust_id, open_date, status, open_branch_id, open_emp_id, avail_balance, pending_balance) VALUES (75, 'CD', 99, '2022-02-08', 'ACTIVE', 26, 100, 41537.7, 41537.7);
   INSERT INTO account (account_id, product_cd, cust_id, open_date, status, open_branch_id, open_emp_id, avail_balance, pending_balance) VALUES (76, 'AUT', 74, '2020-03-20', 'ACTIVE', 3, 43, 96403.9, 96403.9);
   INSERT INTO account (account_id, product_cd, cust_id, open_date, status, open_branch_id, open_emp_id, avail_balance, pending_balance) VALUES (77, 'MRT', 94, '2020-01-03', 'ACTIVE', 47, 71, 72625.46, 72625.46);
   INSERT INTO account (account_id, product_cd, cust_id, open_date, status, open_branch_id, open_emp_id, avail_balance, pending_balance) VALUES (78, 'SAV', 85, '2022-07-31', 'ACTIVE', 28, 50, 14955.67, 14955.67);
   INSERT INTO account (account_id, product_cd, cust_id, open_date, status, open_branch_id, open_emp_id, avail_balance, pending_balance) VALUES (79, 'STK', 78, '2020-11-09', 'ACTIVE', 19, 63, 63859.52, 63859.52);
   INSERT INTO account (account_id, product_cd, cust_id, open_date, status, open_branch_id, open_emp_id, avail_balance, pending_balance) VALUES (80, 'SAV', 6, '2020-10-08', 'ACTIVE', 18, 51, 80744.47, 80744.47);
   INSERT INTO account (account_id, product_cd, cust_id, open_date, status, open_branch_id, open_emp_id, avail_balance, pending_balance) VALUES (81, 'MRT', 21, '2022-07-28', 'ACTIVE', 3, 88, 18032.0, 18032.0);
   INSERT INTO account (account_id, product_cd, cust_id, open_date, status, open_branch_id, open_emp_id, avail_balance, pending_balance) VALUES (82, 'MRT', 82, '2020-06-07', 'ACTIVE', 33, 68, 16237.96, 16237.96);
   INSERT INTO account (account_id, product_cd, cust_id, open_date, status, open_branch_id, open_emp_id, avail_balance, pending_balance) VALUES (83, 'MM', 27, '2020-12-10', 'ACTIVE', 1, 70, 70171.72, 70171.72);
   INSERT INTO account (account_id, product_cd, cust_id, open_date, status, open_branch_id, open_emp_id, avail_balance, pending_balance) VALUES (84, 'SBL', 126, '2021-02-11', 'ACTIVE', 48, 78, 76275.23, 76275.23);
   INSERT INTO account (account_id, product_cd, cust_id, open_date, status, open_branch_id, open_emp_id, avail_balance, pending_balance) VALUES (85, 'SAV', 70, '2021-09-24', 'ACTIVE', 50, 24, 75622.54, 75622.54);
   INSERT INTO account (account_id, product_cd, cust_id, open_date, status, open_branch_id, open_emp_id, avail_balance, pending_balance) VALUES (86, 'CHK', 150, '2022-03-10', 'ACTIVE', 35, 81, 90839.24, 90839.24);
   INSERT INTO account (account_id, product_cd, cust_id, open_date, status, open_branch_id, open_emp_id, avail_balance, pending_balance) VALUES (87, 'SBL', 85, '2021-05-19', 'ACTIVE', 32, 70, 94273.06, 94273.06);
   INSERT INTO account (account_id, product_cd, cust_id, open_date, status, open_branch_id, open_emp_id, avail_balance, pending_balance) VALUES (88, 'MM', 108, '2020-09-30', 'ACTIVE', 38, 37, 82132.24, 82132.24);
   INSERT INTO account (account_id, product_cd, cust_id, open_date, status, open_branch_id, open_emp_id, avail_balance, pending_balance) VALUES (89, 'STK', 32, '2020-05-21', 'ACTIVE', 44, 3, 37816.83, 37816.83);
   INSERT INTO account (account_id, product_cd, cust_id, open_date, status, open_branch_id, open_emp_id, avail_balance, pending_balance) VALUES (90, 'CD', 105, '2020-08-24', 'ACTIVE', 7, 86, 34029.23, 34029.23);
   INSERT INTO account (account_id, product_cd, cust_id, open_date, status, open_branch_id, open_emp_id, avail_balance, pending_balance) VALUES (91, 'AUT', 128, '2022-06-24', 'ACTIVE', 27, 48, 37227.71, 37227.71);
   INSERT INTO account (account_id, product_cd, cust_id, open_date, status, open_branch_id, open_emp_id, avail_balance, pending_balance) VALUES (92, 'MRT', 68, '2022-01-26', 'FROZEN', 39, 97, 30661.94, 30661.94);
   INSERT INTO account (account_id, product_cd, cust_id, open_date, status, open_branch_id, open_emp_id, avail_balance, pending_balance) VALUES (93, 'STK', 99, '2021-09-21', 'ACTIVE', 6, 31, 46414.7, 46414.7);
   INSERT INTO account (account_id, product_cd, cust_id, open_date, status, open_branch_id, open_emp_id, avail_balance, pending_balance) VALUES (94, 'MM', 122, '2021-01-29', 'ACTIVE', 24, 76, 86399.28, 86399.28);
   INSERT INTO account (account_id, product_cd, cust_id, open_date, status, open_branch_id, open_emp_id, avail_balance, pending_balance) VALUES (95, 'AUT', 113, '2020-02-05', 'ACTIVE', 41, 75, 4336.17, 4336.17);
   INSERT INTO account (account_id, product_cd, cust_id, open_date, status, open_branch_id, open_emp_id, avail_balance, pending_balance) VALUES (96, 'LIFE', 139, '2022-09-25', 'ACTIVE', 16, 99, 34109.6, 34109.6);
   INSERT INTO account (account_id, product_cd, cust_id, open_date, status, open_branch_id, open_emp_id, avail_balance, pending_balance) VALUES (97, 'SBL', 16, '2020-09-09', 'ACTIVE', 9, 6, 3998.78, 3998.78);
   INSERT INTO account (account_id, product_cd, cust_id, open_date, status, open_branch_id, open_emp_id, avail_balance, pending_balance) VALUES (98, 'MM', 65, '2020-06-06', 'ACTIVE', 13, 28, 13931.75, 13931.75);
   INSERT INTO account (account_id, product_cd, cust_id, open_date, status, open_branch_id, open_emp_id, avail_balance, pending_balance) VALUES (99, 'STK', 8, '2022-05-18', 'ACTIVE', 7, 48, 48529.12, 48529.12);
   INSERT INTO account (account_id, product_cd, cust_id, open_date, status, open_branch_id, open_emp_id, avail_balance, pending_balance) VALUES (100, 'STK', 9, '2022-09-16', 'ACTIVE', 17, 87, 93222.9, 93222.9);
   INSERT INTO account (account_id, product_cd, cust_id, open_date, status, open_branch_id, open_emp_id, avail_balance, pending_balance) VALUES (101, 'STK', 146, '2021-01-23', 'CLOSED', 44, 66, 71611.97, 71611.97);
   INSERT INTO account (account_id, product_cd, cust_id, open_date, status, open_branch_id, open_emp_id, avail_balance, pending_balance) VALUES (102, 'BUS', 56, '2020-03-09', 'ACTIVE', 34, 63, 76738.07, 76738.07);
   INSERT INTO account (account_id, product_cd, cust_id, open_date, status, open_branch_id, open_emp_id, avail_balance, pending_balance) VALUES (103, 'LIFE', 110, '2021-09-21', 'ACTIVE', 19, 88, 95604.71, 95604.71);
   INSERT INTO account (account_id, product_cd, cust_id, open_date, status, open_branch_id, open_emp_id, avail_balance, pending_balance) VALUES (104, 'MM', 109, '2021-10-21', 'ACTIVE', 7, 29, 26472.06, 26472.06);
   INSERT INTO account (account_id, product_cd, cust_id, open_date, status, open_branch_id, open_emp_id, avail_balance, pending_balance) VALUES (105, 'CD', 105, '2020-07-09', 'ACTIVE', 8, 27, 5511.35, 5511.35);
   INSERT INTO account (account_id, product_cd, cust_id, open_date, status, open_branch_id, open_emp_id, avail_balance, pending_balance) VALUES (106, 'CHK', 73, '2022-07-03', 'ACTIVE', 36, 88, 90540.45, 90540.45);
   INSERT INTO account (account_id, product_cd, cust_id, open_date, status, open_branch_id, open_emp_id, avail_balance, pending_balance) VALUES (107, 'LIFE', 84, '2022-05-06', 'ACTIVE', 47, 17, 70420.9, 70420.9);
   INSERT INTO account (account_id, product_cd, cust_id, open_date, status, open_branch_id, open_emp_id, avail_balance, pending_balance) VALUES (108, 'SBL', 73, '2020-09-08', 'ACTIVE', 22, 80, 51222.49, 51222.49);
   INSERT INTO account (account_id, product_cd, cust_id, open_date, status, open_branch_id, open_emp_id, avail_balance, pending_balance) VALUES (109, 'BUS', 3, '2021-06-05', 'ACTIVE', 3, 8, 69413.1, 69413.1);
   INSERT INTO account (account_id, product_cd, cust_id, open_date, status, open_branch_id, open_emp_id, avail_balance, pending_balance) VALUES (110, 'MM', 67, '2020-10-31', 'ACTIVE', 46, 26, 86240.21, 86240.21);
   INSERT INTO account (account_id, product_cd, cust_id, open_date, status, open_branch_id, open_emp_id, avail_balance, pending_balance) VALUES (111, 'LIFE', 134, '2021-08-01', 'ACTIVE', 20, 19, 94161.45, 94161.45);
   INSERT INTO account (account_id, product_cd, cust_id, open_date, status, open_branch_id, open_emp_id, avail_balance, pending_balance) VALUES (112, 'CHK', 53, '2021-04-16', 'CLOSED', 16, 11, 62653.24, 62653.24);
   INSERT INTO account (account_id, product_cd, cust_id, open_date, status, open_branch_id, open_emp_id, avail_balance, pending_balance) VALUES (113, 'CHK', 109, '2022-08-05', 'ACTIVE', 15, 18, 18005.43, 18005.43);
   INSERT INTO account (account_id, product_cd, cust_id, open_date, status, open_branch_id, open_emp_id, avail_balance, pending_balance) VALUES (114, 'CHK', 45, '2021-06-17', 'ACTIVE', 37, 34, 60655.07, 60655.07);
   INSERT INTO account (account_id, product_cd, cust_id, open_date, status, open_branch_id, open_emp_id, avail_balance, pending_balance) VALUES (115, 'CHK', 63, '2021-11-01', 'ACTIVE', 24, 59, 59336.3, 59336.3);
   INSERT INTO account (account_id, product_cd, cust_id, open_date, status, open_branch_id, open_emp_id, avail_balance, pending_balance) VALUES (116, 'BUS', 120, '2022-09-17', 'ACTIVE', 16, 48, 74067.92, 74067.92);
   INSERT INTO account (account_id, product_cd, cust_id, open_date, status, open_branch_id, open_emp_id, avail_balance, pending_balance) VALUES (117, 'SBL', 95, '2020-05-17', 'ACTIVE', 30, 48, 56394.75, 56394.75);
   INSERT INTO account (account_id, product_cd, cust_id, open_date, status, open_branch_id, open_emp_id, avail_balance, pending_balance) VALUES (118, 'CD', 2, '2020-10-21', 'ACTIVE', 32, 15, 28494.69, 28494.69);
   INSERT INTO account (account_id, product_cd, cust_id, open_date, status, open_branch_id, open_emp_id, avail_balance, pending_balance) VALUES (119, 'BUS', 16, '2021-12-18', 'ACTIVE', 33, 7, 50018.09, 50018.09);
   INSERT INTO account (account_id, product_cd, cust_id, open_date, status, open_branch_id, open_emp_id, avail_balance, pending_balance) VALUES (120, 'SAV', 133, '2021-11-24', 'ACTIVE', 13, 29, 56484.27, 56484.27);
   INSERT INTO account (account_id, product_cd, cust_id, open_date, status, open_branch_id, open_emp_id, avail_balance, pending_balance) VALUES (121, 'LIFE', 25, '2021-08-20', 'ACTIVE', 48, 21, 12410.42, 12410.42);
   INSERT INTO account (account_id, product_cd, cust_id, open_date, status, open_branch_id, open_emp_id, avail_balance, pending_balance) VALUES (122, 'STK', 125, '2021-06-18', 'ACTIVE', 8, 48, 44588.27, 44588.27);
   INSERT INTO account (account_id, product_cd, cust_id, open_date, status, open_branch_id, open_emp_id, avail_balance, pending_balance) VALUES (123, 'CD', 5, '2022-04-21', 'ACTIVE', 15, 23, 58026.36, 58026.36);
   INSERT INTO account (account_id, product_cd, cust_id, open_date, status, open_branch_id, open_emp_id, avail_balance, pending_balance) VALUES (124, 'CD', 18, '2020-02-25', 'ACTIVE', 12, 53, 20001.49, 20001.49);
   INSERT INTO account (account_id, product_cd, cust_id, open_date, status, open_branch_id, open_emp_id, avail_balance, pending_balance) VALUES (125, 'LIFE', 33, '2021-08-13', 'ACTIVE', 43, 85, 68866.35, 68866.35);
   INSERT INTO account (account_id, product_cd, cust_id, open_date, status, open_branch_id, open_emp_id, avail_balance, pending_balance) VALUES (126, 'STK', 130, '2022-06-22', 'ACTIVE', 22, 18, 53708.68, 53708.68);
   INSERT INTO account (account_id, product_cd, cust_id, open_date, status, open_branch_id, open_emp_id, avail_balance, pending_balance) VALUES (127, 'CHK', 64, '2020-01-23', 'ACTIVE', 48, 67, 6199.67, 6199.67);
   INSERT INTO account (account_id, product_cd, cust_id, open_date, status, open_branch_id, open_emp_id, avail_balance, pending_balance) VALUES (128, 'SBL', 82, '2021-02-10', 'ACTIVE', 23, 70, 11381.6, 11381.6);
   INSERT INTO account (account_id, product_cd, cust_id, open_date, status, open_branch_id, open_emp_id, avail_balance, pending_balance) VALUES (129, 'MM', 86, '2020-06-25', 'ACTIVE', 11, 62, 25075.69, 25075.69);
   INSERT INTO account (account_id, product_cd, cust_id, open_date, status, open_branch_id, open_emp_id, avail_balance, pending_balance) VALUES (130, 'CHK', 25, '2020-10-10', 'ACTIVE', 13, 53, 83005.54, 83005.54);
   INSERT INTO account (account_id, product_cd, cust_id, open_date, status, open_branch_id, open_emp_id, avail_balance, pending_balance) VALUES (131, 'SAV', 38, '2022-07-20', 'ACTIVE', 15, 15, 25121.12, 25121.12);
   INSERT INTO account (account_id, product_cd, cust_id, open_date, status, open_branch_id, open_emp_id, avail_balance, pending_balance) VALUES (132, 'SBL', 79, '2022-03-23', 'ACTIVE', 47, 87, 44253.45, 44253.45);
   INSERT INTO account (account_id, product_cd, cust_id, open_date, status, open_branch_id, open_emp_id, avail_balance, pending_balance) VALUES (133, 'AUT', 98, '2020-01-21', 'ACTIVE', 14, 24, 85340.38, 85340.38);
   INSERT INTO account (account_id, product_cd, cust_id, open_date, status, open_branch_id, open_emp_id, avail_balance, pending_balance) VALUES (134, 'CHK', 110, '2021-06-12', 'CLOSED', 18, 15, 43281.51, 43281.51);
   INSERT INTO account (account_id, product_cd, cust_id, open_date, status, open_branch_id, open_emp_id, avail_balance, pending_balance) VALUES (135, 'STK', 15, '2021-03-28', 'ACTIVE', 15, 1, 17915.6, 17915.6);
   INSERT INTO account (account_id, product_cd, cust_id, open_date, status, open_branch_id, open_emp_id, avail_balance, pending_balance) VALUES (136, 'SBL', 44, '2021-12-03', 'ACTIVE', 4, 30, 69800.93, 69800.93);
   INSERT INTO account (account_id, product_cd, cust_id, open_date, status, open_branch_id, open_emp_id, avail_balance, pending_balance) VALUES (137, 'MRT', 115, '2020-08-02', 'ACTIVE', 37, 88, 52691.14, 52691.14);
   INSERT INTO account (account_id, product_cd, cust_id, open_date, status, open_branch_id, open_emp_id, avail_balance, pending_balance) VALUES (138, 'AUT', 138, '2022-09-13', 'ACTIVE', 21, 5, 33215.67, 33215.67);
   INSERT INTO account (account_id, product_cd, cust_id, open_date, status, open_branch_id, open_emp_id, avail_balance, pending_balance) VALUES (139, 'CD', 58, '2021-04-24', 'ACTIVE', 3, 23, 71768.84, 71768.84);
   INSERT INTO account (account_id, product_cd, cust_id, open_date, status, open_branch_id, open_emp_id, avail_balance, pending_balance) VALUES (140, 'SBL', 117, '2020-05-07', 'ACTIVE', 7, 28, 43186.93, 43186.93);
   INSERT INTO account (account_id, product_cd, cust_id, open_date, status, open_branch_id, open_emp_id, avail_balance, pending_balance) VALUES (141, 'LIFE', 24, '2021-03-22', 'ACTIVE', 43, 56, 49543.54, 49543.54);
   INSERT INTO account (account_id, product_cd, cust_id, open_date, status, open_branch_id, open_emp_id, avail_balance, pending_balance) VALUES (142, 'STK', 30, '2021-08-09', 'CLOSED', 2, 73, 90480.18, 90480.18);
   INSERT INTO account (account_id, product_cd, cust_id, open_date, status, open_branch_id, open_emp_id, avail_balance, pending_balance) VALUES (143, 'BUS', 95, '2021-04-12', 'ACTIVE', 19, 71, 67383.46, 67383.46);
   INSERT INTO account (account_id, product_cd, cust_id, open_date, status, open_branch_id, open_emp_id, avail_balance, pending_balance) VALUES (144, 'MRT', 118, '2020-08-23', 'ACTIVE', 21, 23, 61203.65, 61203.65);
   INSERT INTO account (account_id, product_cd, cust_id, open_date, status, open_branch_id, open_emp_id, avail_balance, pending_balance) VALUES (145, 'BUS', 88, '2022-01-19', 'ACTIVE', 50, 17, 11976.05, 11976.05);
   INSERT INTO account (account_id, product_cd, cust_id, open_date, status, open_branch_id, open_emp_id, avail_balance, pending_balance) VALUES (146, 'CHK', 20, '2021-08-23', 'ACTIVE', 29, 9, 32391.45, 32391.45);
   INSERT INTO account (account_id, product_cd, cust_id, open_date, status, open_branch_id, open_emp_id, avail_balance, pending_balance) VALUES (147, 'MM', 114, '2022-05-14', 'ACTIVE', 38, 62, 88309.42, 88309.42);
   INSERT INTO account (account_id, product_cd, cust_id, open_date, status, open_branch_id, open_emp_id, avail_balance, pending_balance) VALUES (148, 'CD', 114, '2021-04-21', 'ACTIVE', 22, 88, 14203.32, 14203.32);
   INSERT INTO account (account_id, product_cd, cust_id, open_date, status, open_branch_id, open_emp_id, avail_balance, pending_balance) VALUES (149, 'MRT', 111, '2021-12-10', 'ACTIVE', 9, 30, 72350.95, 72350.95);
   INSERT INTO account (account_id, product_cd, cust_id, open_date, status, open_branch_id, open_emp_id, avail_balance, pending_balance) VALUES (150, 'MRT', 43, '2021-05-31', 'ACTIVE', 18, 95, 90693.31, 90693.31);
   INSERT INTO account (account_id, product_cd, cust_id, open_date, status, open_branch_id, open_emp_id, avail_balance, pending_balance) VALUES (151, 'STK', 106, '2022-07-09', 'ACTIVE', 16, 18, 19761.12, 19761.12);
   INSERT INTO account (account_id, product_cd, cust_id, open_date, status, open_branch_id, open_emp_id, avail_balance, pending_balance) VALUES (152, 'CHK', 67, '2022-02-19', 'ACTIVE', 38, 69, 24127.0, 24127.0);
   INSERT INTO account (account_id, product_cd, cust_id, open_date, status, open_branch_id, open_emp_id, avail_balance, pending_balance) VALUES (153, 'MRT', 92, '2020-03-27', 'ACTIVE', 36, 70, 25296.41, 25296.41);
   INSERT INTO account (account_id, product_cd, cust_id, open_date, status, open_branch_id, open_emp_id, avail_balance, pending_balance) VALUES (154, 'SAV', 40, '2020-03-12', 'ACTIVE', 29, 64, 5869.3, 5869.3);
   INSERT INTO account (account_id, product_cd, cust_id, open_date, status, open_branch_id, open_emp_id, avail_balance, pending_balance) VALUES (155, 'SAV', 54, '2021-09-11', 'ACTIVE', 35, 87, 6470.86, 6470.86);
   INSERT INTO account (account_id, product_cd, cust_id, open_date, status, open_branch_id, open_emp_id, avail_balance, pending_balance) VALUES (156, 'CD', 22, '2021-08-01', 'ACTIVE', 31, 94, 86404.53, 86404.53);
   INSERT INTO account (account_id, product_cd, cust_id, open_date, status, open_branch_id, open_emp_id, avail_balance, pending_balance) VALUES (157, 'MRT', 68, '2020-11-05', 'CLOSED', 48, 24, 49535.63, 49535.63);
   INSERT INTO account (account_id, product_cd, cust_id, open_date, status, open_branch_id, open_emp_id, avail_balance, pending_balance) VALUES (158, 'MM', 42, '2020-10-25', 'ACTIVE', 19, 12, 83197.27, 83197.27);
   INSERT INTO account (account_id, product_cd, cust_id, open_date, status, open_branch_id, open_emp_id, avail_balance, pending_balance) VALUES (159, 'STK', 1, '2022-07-19', 'ACTIVE', 12, 90, 52619.73, 52619.73);
   INSERT INTO account (account_id, product_cd, cust_id, open_date, status, open_branch_id, open_emp_id, avail_balance, pending_balance) VALUES (160, 'MM', 61, '2022-08-25', 'ACTIVE', 25, 4, 47437.27, 47437.27);
   INSERT INTO account (account_id, product_cd, cust_id, open_date, status, open_branch_id, open_emp_id, avail_balance, pending_balance) VALUES (161, 'SBL', 53, '2020-10-02', 'FROZEN', 47, 97, 71584.94, 71584.94);
   INSERT INTO account (account_id, product_cd, cust_id, open_date, status, open_branch_id, open_emp_id, avail_balance, pending_balance) VALUES (162, 'CD', 20, '2021-03-20', 'ACTIVE', 43, 31, 76958.17, 76958.17);
   INSERT INTO account (account_id, product_cd, cust_id, open_date, status, open_branch_id, open_emp_id, avail_balance, pending_balance) VALUES (163, 'SAV', 28, '2020-08-28', 'ACTIVE', 36, 31, 50327.88, 50327.88);
   INSERT INTO account (account_id, product_cd, cust_id, open_date, status, open_branch_id, open_emp_id, avail_balance, pending_balance) VALUES (164, 'SAV', 54, '2022-04-28', 'ACTIVE', 37, 62, 67646.21, 67646.21);
   INSERT INTO account (account_id, product_cd, cust_id, open_date, status, open_branch_id, open_emp_id, avail_balance, pending_balance) VALUES (165, 'SAV', 114, '2022-04-09', 'ACTIVE', 5, 3, 7572.84, 7572.84);
   INSERT INTO account (account_id, product_cd, cust_id, open_date, status, open_branch_id, open_emp_id, avail_balance, pending_balance) VALUES (166, 'LIFE', 129, '2020-12-17', 'ACTIVE', 14, 12, 13498.87, 13498.87);
   INSERT INTO account (account_id, product_cd, cust_id, open_date, status, open_branch_id, open_emp_id, avail_balance, pending_balance) VALUES (167, 'LIFE', 87, '2022-05-19', 'ACTIVE', 39, 58, 44063.91, 44063.91);
   INSERT INTO account (account_id, product_cd, cust_id, open_date, status, open_branch_id, open_emp_id, avail_balance, pending_balance) VALUES (168, 'CHK', 39, '2021-11-05', 'ACTIVE', 17, 25, 25269.43, 25269.43);
   INSERT INTO account (account_id, product_cd, cust_id, open_date, status, open_branch_id, open_emp_id, avail_balance, pending_balance) VALUES (169, 'AUT', 3, '2020-11-06', 'ACTIVE', 49, 29, 48736.62, 48736.62);
   INSERT INTO account (account_id, product_cd, cust_id, open_date, status, open_branch_id, open_emp_id, avail_balance, pending_balance) VALUES (170, 'MM', 42, '2021-10-29', 'ACTIVE', 23, 72, 87075.93, 87075.93);
   INSERT INTO account (account_id, product_cd, cust_id, open_date, status, open_branch_id, open_emp_id, avail_balance, pending_balance) VALUES (171, 'SAV', 3, '2022-05-24', 'ACTIVE', 18, 68, 20099.86, 20099.86);
   INSERT INTO account (account_id, product_cd, cust_id, open_date, status, open_branch_id, open_emp_id, avail_balance, pending_balance) VALUES (172, 'SAV', 103, '2021-08-23', 'ACTIVE', 22, 14, 95887.45, 95887.45);
   INSERT INTO account (account_id, product_cd, cust_id, open_date, status, open_branch_id, open_emp_id, avail_balance, pending_balance) VALUES (173, 'STK', 3, '2020-03-09', 'ACTIVE', 42, 1, 15086.92, 15086.92);
   INSERT INTO account (account_id, product_cd, cust_id, open_date, status, open_branch_id, open_emp_id, avail_balance, pending_balance) VALUES (174, 'MM', 111, '2022-03-30', 'FROZEN', 11, 95, 29969.64, 29969.64);
   INSERT INTO account (account_id, product_cd, cust_id, open_date, status, open_branch_id, open_emp_id, avail_balance, pending_balance) VALUES (175, 'SBL', 94, '2022-07-25', 'ACTIVE', 49, 77, 73845.62, 73845.62);
   INSERT INTO account (account_id, product_cd, cust_id, open_date, status, open_branch_id, open_emp_id, avail_balance, pending_balance) VALUES (176, 'SBL', 46, '2021-08-02', 'ACTIVE', 44, 14, 99687.5, 99687.5);
   INSERT INTO account (account_id, product_cd, cust_id, open_date, status, open_branch_id, open_emp_id, avail_balance, pending_balance) VALUES (177, 'MRT', 128, '2021-06-16', 'ACTIVE', 35, 43, 51066.12, 51066.12);
   INSERT INTO account (account_id, product_cd, cust_id, open_date, status, open_branch_id, open_emp_id, avail_balance, pending_balance) VALUES (178, 'LIFE', 70, '2020-03-06', 'ACTIVE', 46, 66, 28903.54, 28903.54);
   INSERT INTO account (account_id, product_cd, cust_id, open_date, status, open_branch_id, open_emp_id, avail_balance, pending_balance) VALUES (179, 'SAV', 148, '2022-01-03', 'ACTIVE', 15, 90, 69503.11, 69503.11);
   INSERT INTO account (account_id, product_cd, cust_id, open_date, status, open_branch_id, open_emp_id, avail_balance, pending_balance) VALUES (180, 'STK', 130, '2021-11-23', 'ACTIVE', 46, 40, 54015.56, 54015.56);
   INSERT INTO account (account_id, product_cd, cust_id, open_date, status, open_branch_id, open_emp_id, avail_balance, pending_balance) VALUES (181, 'CHK', 8, '2022-09-17', 'ACTIVE', 26, 57, 90190.16, 90190.16);
   INSERT INTO account (account_id, product_cd, cust_id, open_date, status, open_branch_id, open_emp_id, avail_balance, pending_balance) VALUES (182, 'LIFE', 101, '2021-08-05', 'ACTIVE', 4, 54, 81137.01, 81137.01);
   INSERT INTO account (account_id, product_cd, cust_id, open_date, status, open_branch_id, open_emp_id, avail_balance, pending_balance) VALUES (183, 'MRT', 31, '2022-02-23', 'ACTIVE', 49, 53, 49658.0, 49658.0);
   INSERT INTO account (account_id, product_cd, cust_id, open_date, status, open_branch_id, open_emp_id, avail_balance, pending_balance) VALUES (184, 'BUS', 83, '2021-02-03', 'ACTIVE', 47, 1, 17978.92, 17978.92);
   INSERT INTO account (account_id, product_cd, cust_id, open_date, status, open_branch_id, open_emp_id, avail_balance, pending_balance) VALUES (185, 'MM', 56, '2021-07-15', 'ACTIVE', 40, 17, 34750.76, 34750.76);
   INSERT INTO account (account_id, product_cd, cust_id, open_date, status, open_branch_id, open_emp_id, avail_balance, pending_balance) VALUES (186, 'CHK', 96, '2022-02-03', 'ACTIVE', 9, 37, 80897.45, 80897.45);
   INSERT INTO account (account_id, product_cd, cust_id, open_date, status, open_branch_id, open_emp_id, avail_balance, pending_balance) VALUES (187, 'SAV', 137, '2020-06-11', 'ACTIVE', 27, 15, 43649.9, 43649.9);
   INSERT INTO account (account_id, product_cd, cust_id, open_date, status, open_branch_id, open_emp_id, avail_balance, pending_balance) VALUES (188, 'AUT', 57, '2022-04-13', 'ACTIVE', 31, 61, 56288.6, 56288.6);
   INSERT INTO account (account_id, product_cd, cust_id, open_date, status, open_branch_id, open_emp_id, avail_balance, pending_balance) VALUES (189, 'CHK', 115, '2022-05-09', 'ACTIVE', 29, 19, 79462.67, 79462.67);
   INSERT INTO account (account_id, product_cd, cust_id, open_date, status, open_branch_id, open_emp_id, avail_balance, pending_balance) VALUES (190, 'CHK', 97, '2020-05-21', 'ACTIVE', 9, 19, 58887.98, 58887.98);
   INSERT INTO account (account_id, product_cd, cust_id, open_date, status, open_branch_id, open_emp_id, avail_balance, pending_balance) VALUES (191, 'SBL', 141, '2020-03-16', 'ACTIVE', 44, 44, 35205.03, 35205.03);
   INSERT INTO account (account_id, product_cd, cust_id, open_date, status, open_branch_id, open_emp_id, avail_balance, pending_balance) VALUES (192, 'CHK', 62, '2021-01-27', 'ACTIVE', 44, 81, 28923.65, 28923.65);
   INSERT INTO account (account_id, product_cd, cust_id, open_date, status, open_branch_id, open_emp_id, avail_balance, pending_balance) VALUES (193, 'AUT', 148, '2021-07-26', 'ACTIVE', 22, 100, 34893.89, 34893.89);
   INSERT INTO account (account_id, product_cd, cust_id, open_date, status, open_branch_id, open_emp_id, avail_balance, pending_balance) VALUES (194, 'AUT', 86, '2022-03-31', 'ACTIVE', 19, 72, 97664.86, 97664.86);
   INSERT INTO account (account_id, product_cd, cust_id, open_date, status, open_branch_id, open_emp_id, avail_balance, pending_balance) VALUES (195, 'CD', 91, '2021-11-19', 'ACTIVE', 21, 14, 7042.89, 7042.89);
   INSERT INTO account (account_id, product_cd, cust_id, open_date, status, open_branch_id, open_emp_id, avail_balance, pending_balance) VALUES (196, 'BUS', 91, '2021-06-30', 'ACTIVE', 5, 94, 80774.97, 80774.97);
   INSERT INTO account (account_id, product_cd, cust_id, open_date, status, open_branch_id, open_emp_id, avail_balance, pending_balance) VALUES (197, 'MRT', 107, '2020-10-04', 'ACTIVE', 39, 17, 11624.88, 11624.88);
   INSERT INTO account (account_id, product_cd, cust_id, open_date, status, open_branch_id, open_emp_id, avail_balance, pending_balance) VALUES (198, 'CHK', 65, '2021-06-12', 'FROZEN', 32, 1, 24244.15, 24244.15);
   INSERT INTO account (account_id, product_cd, cust_id, open_date, status, open_branch_id, open_emp_id, avail_balance, pending_balance) VALUES (199, 'LIFE', 36, '2021-04-17', 'ACTIVE', 19, 8, 30639.37, 30639.37);
   INSERT INTO account (account_id, product_cd, cust_id, open_date, status, open_branch_id, open_emp_id, avail_balance, pending_balance) VALUES (200, 'MM', 125, '2021-10-20', 'ACTIVE', 2, 18, 15080.09, 15080.09);
   INSERT INTO account (account_id, product_cd, cust_id, open_date, status, open_branch_id, open_emp_id, avail_balance, pending_balance) VALUES (201, 'CD', 9, '2020-07-19', 'ACTIVE', 37, 70, 51874.55, 51874.55);
   INSERT INTO account (account_id, product_cd, cust_id, open_date, status, open_branch_id, open_emp_id, avail_balance, pending_balance) VALUES (202, 'AUT', 90, '2021-11-23', 'ACTIVE', 49, 55, 20605.33, 20605.33);
   INSERT INTO account (account_id, product_cd, cust_id, open_date, status, open_branch_id, open_emp_id, avail_balance, pending_balance) VALUES (203, 'MM', 122, '2022-05-25', 'ACTIVE', 14, 4, 90710.42, 90710.42);
   INSERT INTO account (account_id, product_cd, cust_id, open_date, status, open_branch_id, open_emp_id, avail_balance, pending_balance) VALUES (204, 'SBL', 1, '2020-01-17', 'ACTIVE', 14, 28, 1982.46, 1982.46);
   INSERT INTO account (account_id, product_cd, cust_id, open_date, status, open_branch_id, open_emp_id, avail_balance, pending_balance) VALUES (205, 'MRT', 135, '2022-02-25', 'ACTIVE', 26, 38, 47529.28, 47529.28);
   INSERT INTO account (account_id, product_cd, cust_id, open_date, status, open_branch_id, open_emp_id, avail_balance, pending_balance) VALUES (206, 'SBL', 85, '2022-05-09', 'ACTIVE', 15, 26, 81474.62, 81474.62);
   INSERT INTO account (account_id, product_cd, cust_id, open_date, status, open_branch_id, open_emp_id, avail_balance, pending_balance) VALUES (207, 'AUT', 20, '2020-08-18', 'ACTIVE', 4, 68, 28300.08, 28300.08);
   INSERT INTO account (account_id, product_cd, cust_id, open_date, status, open_branch_id, open_emp_id, avail_balance, pending_balance) VALUES (208, 'SBL', 92, '2020-01-31', 'ACTIVE', 28, 55, 27862.07, 27862.07);
   INSERT INTO account (account_id, product_cd, cust_id, open_date, status, open_branch_id, open_emp_id, avail_balance, pending_balance) VALUES (209, 'AUT', 49, '2021-08-29', 'ACTIVE', 5, 2, 34573.84, 34573.84);
   INSERT INTO account (account_id, product_cd, cust_id, open_date, status, open_branch_id, open_emp_id, avail_balance, pending_balance) VALUES (210, 'CHK', 58, '2021-02-19', 'ACTIVE', 33, 83, 2703.6, 2703.6);
   INSERT INTO account (account_id, product_cd, cust_id, open_date, status, open_branch_id, open_emp_id, avail_balance, pending_balance) VALUES (211, 'AUT', 95, '2022-03-19', 'ACTIVE', 1, 38, 66043.45, 66043.45);
   INSERT INTO account (account_id, product_cd, cust_id, open_date, status, open_branch_id, open_emp_id, avail_balance, pending_balance) VALUES (212, 'SBL', 126, '2021-01-26', 'ACTIVE', 18, 64, 63381.81, 63381.81);
   INSERT INTO account (account_id, product_cd, cust_id, open_date, status, open_branch_id, open_emp_id, avail_balance, pending_balance) VALUES (213, 'SBL', 52, '2021-07-30', 'ACTIVE', 42, 33, 43467.93, 43467.93);
   INSERT INTO account (account_id, product_cd, cust_id, open_date, status, open_branch_id, open_emp_id, avail_balance, pending_balance) VALUES (214, 'LIFE', 22, '2022-09-02', 'CLOSED', 32, 15, 64434.72, 64434.72);
   INSERT INTO account (account_id, product_cd, cust_id, open_date, status, open_branch_id, open_emp_id, avail_balance, pending_balance) VALUES (215, 'BUS', 2, '2020-11-12', 'ACTIVE', 23, 61, 45998.06, 45998.06);
   INSERT INTO account (account_id, product_cd, cust_id, open_date, status, open_branch_id, open_emp_id, avail_balance, pending_balance) VALUES (216, 'MRT', 90, '2020-11-11', 'ACTIVE', 13, 87, 44367.01, 44367.01);
   INSERT INTO account (account_id, product_cd, cust_id, open_date, status, open_branch_id, open_emp_id, avail_balance, pending_balance) VALUES (217, 'MRT', 116, '2021-08-19', 'ACTIVE', 5, 3, 99585.92, 99585.92);
   INSERT INTO account (account_id, product_cd, cust_id, open_date, status, open_branch_id, open_emp_id, avail_balance, pending_balance) VALUES (218, 'CD', 100, '2022-01-20', 'ACTIVE', 17, 88, 96196.61, 96196.61);
   INSERT INTO account (account_id, product_cd, cust_id, open_date, status, open_branch_id, open_emp_id, avail_balance, pending_balance) VALUES (219, 'CD', 114, '2021-03-10', 'CLOSED', 12, 47, 52020.55, 52020.55);
   INSERT INTO account (account_id, product_cd, cust_id, open_date, status, open_branch_id, open_emp_id, avail_balance, pending_balance) VALUES (220, 'LIFE', 132, '2021-12-30', 'ACTIVE', 30, 82, 34546.23, 34546.23);
   INSERT INTO account (account_id, product_cd, cust_id, open_date, status, open_branch_id, open_emp_id, avail_balance, pending_balance) VALUES (221, 'SBL', 18, '2020-12-16', 'ACTIVE', 46, 48, 96768.22, 96768.22);
   INSERT INTO account (account_id, product_cd, cust_id, open_date, status, open_branch_id, open_emp_id, avail_balance, pending_balance) VALUES (222, 'MM', 63, '2020-08-25', 'ACTIVE', 31, 16, 4623.55, 4623.55);
   INSERT INTO account (account_id, product_cd, cust_id, open_date, status, open_branch_id, open_emp_id, avail_balance, pending_balance) VALUES (223, 'SBL', 32, '2022-03-06', 'ACTIVE', 40, 45, 50219.84, 50219.84);
   INSERT INTO account (account_id, product_cd, cust_id, open_date, status, open_branch_id, open_emp_id, avail_balance, pending_balance) VALUES (224, 'MRT', 57, '2021-05-30', 'ACTIVE', 28, 59, 18823.95, 18823.95);
   INSERT INTO account (account_id, product_cd, cust_id, open_date, status, open_branch_id, open_emp_id, avail_balance, pending_balance) VALUES (225, 'AUT', 49, '2020-05-04', 'ACTIVE', 44, 47, 80459.14, 80459.14);
   INSERT INTO account (account_id, product_cd, cust_id, open_date, status, open_branch_id, open_emp_id, avail_balance, pending_balance) VALUES (226, 'CHK', 8, '2022-06-11', 'ACTIVE', 17, 51, 45330.93, 45330.93);
   INSERT INTO account (account_id, product_cd, cust_id, open_date, status, open_branch_id, open_emp_id, avail_balance, pending_balance) VALUES (227, 'CHK', 123, '2021-09-06', 'ACTIVE', 1, 29, 91769.55, 91769.55);
   INSERT INTO account (account_id, product_cd, cust_id, open_date, status, open_branch_id, open_emp_id, avail_balance, pending_balance) VALUES (228, 'CHK', 104, '2020-02-06', 'ACTIVE', 17, 59, 3885.12, 3885.12);
   INSERT INTO account (account_id, product_cd, cust_id, open_date, status, open_branch_id, open_emp_id, avail_balance, pending_balance) VALUES (229, 'MM', 138, '2020-05-28', 'ACTIVE', 43, 1, 99086.05, 99086.05);
   INSERT INTO account (account_id, product_cd, cust_id, open_date, status, open_branch_id, open_emp_id, avail_balance, pending_balance) VALUES (230, 'LIFE', 147, '2022-08-15', 'ACTIVE', 10, 5, 73323.72, 73323.72);
   INSERT INTO account (account_id, product_cd, cust_id, open_date, status, open_branch_id, open_emp_id, avail_balance, pending_balance) VALUES (231, 'MM', 100, '2022-09-17', 'ACTIVE', 42, 95, 12910.56, 12910.56);
   INSERT INTO account (account_id, product_cd, cust_id, open_date, status, open_branch_id, open_emp_id, avail_balance, pending_balance) VALUES (232, 'CHK', 62, '2020-11-26', 'ACTIVE', 24, 73, 16132.28, 16132.28);
   INSERT INTO account (account_id, product_cd, cust_id, open_date, status, open_branch_id, open_emp_id, avail_balance, pending_balance) VALUES (233, 'MM', 31, '2022-09-07', 'ACTIVE', 36, 49, 71480.16, 71480.16);
   INSERT INTO account (account_id, product_cd, cust_id, open_date, status, open_branch_id, open_emp_id, avail_balance, pending_balance) VALUES (234, 'CHK', 111, '2020-12-01', 'ACTIVE', 41, 47, 99158.66, 99158.66);
   INSERT INTO account (account_id, product_cd, cust_id, open_date, status, open_branch_id, open_emp_id, avail_balance, pending_balance) VALUES (235, 'SAV', 31, '2022-03-15', 'ACTIVE', 11, 28, 39619.06, 39619.06);
   INSERT INTO account (account_id, product_cd, cust_id, open_date, status, open_branch_id, open_emp_id, avail_balance, pending_balance) VALUES (236, 'SBL', 14, '2020-04-02', 'ACTIVE', 4, 94, 89222.25, 89222.25);
   INSERT INTO account (account_id, product_cd, cust_id, open_date, status, open_branch_id, open_emp_id, avail_balance, pending_balance) VALUES (237, 'CHK', 41, '2021-07-30', 'ACTIVE', 20, 67, 35604.24, 35604.24);
   INSERT INTO account (account_id, product_cd, cust_id, open_date, status, open_branch_id, open_emp_id, avail_balance, pending_balance) VALUES (238, 'SAV', 33, '2022-09-25', 'ACTIVE', 9, 28, 45779.56, 45779.56);
   INSERT INTO account (account_id, product_cd, cust_id, open_date, status, open_branch_id, open_emp_id, avail_balance, pending_balance) VALUES (239, 'AUT', 114, '2021-11-04', 'ACTIVE', 11, 27, 71297.3, 71297.3);
   INSERT INTO account (account_id, product_cd, cust_id, open_date, status, open_branch_id, open_emp_id, avail_balance, pending_balance) VALUES (240, 'LIFE', 79, '2022-01-20', 'ACTIVE', 12, 50, 42063.92, 42063.92);
   INSERT INTO account (account_id, product_cd, cust_id, open_date, status, open_branch_id, open_emp_id, avail_balance, pending_balance) VALUES (241, 'MRT', 49, '2022-03-21', 'ACTIVE', 43, 70, 9464.08, 9464.08);
   INSERT INTO account (account_id, product_cd, cust_id, open_date, status, open_branch_id, open_emp_id, avail_balance, pending_balance) VALUES (242, 'STK', 50, '2022-02-16', 'ACTIVE', 41, 42, 10185.11, 10185.11);
   INSERT INTO account (account_id, product_cd, cust_id, open_date, status, open_branch_id, open_emp_id, avail_balance, pending_balance) VALUES (243, 'AUT', 13, '2022-02-27', 'ACTIVE', 15, 89, 71721.69, 71721.69);
   INSERT INTO account (account_id, product_cd, cust_id, open_date, status, open_branch_id, open_emp_id, avail_balance, pending_balance) VALUES (244, 'CHK', 56, '2021-02-26', 'ACTIVE', 15, 17, 78144.3, 78144.3);
   INSERT INTO account (account_id, product_cd, cust_id, open_date, status, open_branch_id, open_emp_id, avail_balance, pending_balance) VALUES (245, 'SAV', 107, '2020-01-09', 'ACTIVE', 18, 57, 96692.74, 96692.74);
   INSERT INTO account (account_id, product_cd, cust_id, open_date, status, open_branch_id, open_emp_id, avail_balance, pending_balance) VALUES (246, 'SAV', 16, '2022-09-20', 'ACTIVE', 6, 1, 87151.0, 87151.0);
   INSERT INTO account (account_id, product_cd, cust_id, open_date, status, open_branch_id, open_emp_id, avail_balance, pending_balance) VALUES (247, 'AUT', 9, '2021-07-08', 'ACTIVE', 1, 72, 16961.91, 16961.91);
   INSERT INTO account (account_id, product_cd, cust_id, open_date, status, open_branch_id, open_emp_id, avail_balance, pending_balance) VALUES (248, 'SBL', 8, '2021-05-04', 'ACTIVE', 44, 29, 76840.32, 76840.32);
   INSERT INTO account (account_id, product_cd, cust_id, open_date, status, open_branch_id, open_emp_id, avail_balance, pending_balance) VALUES (249, 'BUS', 55, '2020-08-16', 'CLOSED', 28, 3, 97616.53, 97616.53);
   INSERT INTO account (account_id, product_cd, cust_id, open_date, status, open_branch_id, open_emp_id, avail_balance, pending_balance) VALUES (250, 'CD', 63, '2021-11-10', 'ACTIVE', 35, 18, 55468.71, 55468.71);


-- +============================================================================+
-- | 11. TRANSACTION                                                            |
-- | Purpose: History of all money movement (deposits/withdrawals) in accounts. |
-- | Relationships: Every transaction must point to exactly one 'account_id'.   |
-- +============================================================================+
   INSERT INTO transaction (txn_id, txn_date, account_id, txn_type_cd, amount, teller_emp_id, execution_branch_id) VALUES (1, '2023-01-22 03:50:00', 89, 'CDT', 1424.24, 45, 10);
   INSERT INTO transaction (txn_id, txn_date, account_id, txn_type_cd, amount, teller_emp_id, execution_branch_id) VALUES (2, '2023-03-25 13:30:00', 53, 'DBT', 1941.82, 84, 8);
   INSERT INTO transaction (txn_id, txn_date, account_id, txn_type_cd, amount, teller_emp_id, execution_branch_id) VALUES (3, '2023-02-27 13:19:00', 89, 'CDT', 2422.99, 53, 44);
   INSERT INTO transaction (txn_id, txn_date, account_id, txn_type_cd, amount, teller_emp_id, execution_branch_id) VALUES (4, '2023-02-03 13:53:00', 71, 'DBT', 1137.27, 27, 34);
   INSERT INTO transaction (txn_id, txn_date, account_id, txn_type_cd, amount, teller_emp_id, execution_branch_id) VALUES (5, '2023-10-03 15:12:00', 141, 'DBT', 831.19, 16, 27);
   INSERT INTO transaction (txn_id, txn_date, account_id, txn_type_cd, amount, teller_emp_id, execution_branch_id) VALUES (6, '2023-04-25 21:41:00', 247, 'CDT', 2016.23, 44, 7);
   INSERT INTO transaction (txn_id, txn_date, account_id, txn_type_cd, amount, teller_emp_id, execution_branch_id) VALUES (7, '2023-04-19 19:39:00', 183, 'CDT', 4911.55, 93, 42);
   INSERT INTO transaction (txn_id, txn_date, account_id, txn_type_cd, amount, teller_emp_id, execution_branch_id) VALUES (8, '2023-12-01 11:35:00', 166, 'CDT', 2663.9, 26, 15);
   INSERT INTO transaction (txn_id, txn_date, account_id, txn_type_cd, amount, teller_emp_id, execution_branch_id) VALUES (9, '2023-03-12 16:30:00', 20, 'DBT', 3634.74, 95, 35);
   INSERT INTO transaction (txn_id, txn_date, account_id, txn_type_cd, amount, teller_emp_id, execution_branch_id) VALUES (10, '2023-08-12 21:35:00', 141, 'CDT', 3427.66, 8, 18);
   INSERT INTO transaction (txn_id, txn_date, account_id, txn_type_cd, amount, teller_emp_id, execution_branch_id) VALUES (11, '2023-09-18 09:11:00', 64, 'CDT', 2099.75, 18, 7);
   INSERT INTO transaction (txn_id, txn_date, account_id, txn_type_cd, amount, teller_emp_id, execution_branch_id) VALUES (12, '2023-07-07 15:01:00', 9, 'DBT', 1976.73, 75, 26);
   INSERT INTO transaction (txn_id, txn_date, account_id, txn_type_cd, amount, teller_emp_id, execution_branch_id) VALUES (13, '2023-10-18 13:47:00', 135, 'DBT', 4608.37, 92, 7);
   INSERT INTO transaction (txn_id, txn_date, account_id, txn_type_cd, amount, teller_emp_id, execution_branch_id) VALUES (14, '2023-07-31 15:33:00', 115, 'DBT', 4298.15, 45, 13);
   INSERT INTO transaction (txn_id, txn_date, account_id, txn_type_cd, amount, teller_emp_id, execution_branch_id) VALUES (15, '2023-05-18 21:35:00', 172, 'CDT', 1245.32, 33, 13);
   INSERT INTO transaction (txn_id, txn_date, account_id, txn_type_cd, amount, teller_emp_id, execution_branch_id) VALUES (16, '2023-06-07 00:09:00', 104, 'DBT', 1048.25, 30, 18);
   INSERT INTO transaction (txn_id, txn_date, account_id, txn_type_cd, amount, teller_emp_id, execution_branch_id) VALUES (17, '2023-10-30 03:44:00', 72, 'DBT', 1907.47, 68, 44);
   INSERT INTO transaction (txn_id, txn_date, account_id, txn_type_cd, amount, teller_emp_id, execution_branch_id) VALUES (18, '2023-04-27 02:28:00', 63, 'CDT', 4334.9, 23, 4);
   INSERT INTO transaction (txn_id, txn_date, account_id, txn_type_cd, amount, teller_emp_id, execution_branch_id) VALUES (19, '2023-02-12 10:30:00', 37, 'CDT', 3936.7, 96, 21);
   INSERT INTO transaction (txn_id, txn_date, account_id, txn_type_cd, amount, teller_emp_id, execution_branch_id) VALUES (20, '2023-11-12 22:53:00', 127, 'CDT', 1981.63, 77, 16);
   INSERT INTO transaction (txn_id, txn_date, account_id, txn_type_cd, amount, teller_emp_id, execution_branch_id) VALUES (21, '2023-08-06 16:50:00', 73, 'CDT', 916.91, 20, 12);
   INSERT INTO transaction (txn_id, txn_date, account_id, txn_type_cd, amount, teller_emp_id, execution_branch_id) VALUES (22, '2023-10-08 21:46:00', 8, 'CDT', 2761.54, 44, 44);
   INSERT INTO transaction (txn_id, txn_date, account_id, txn_type_cd, amount, teller_emp_id, execution_branch_id) VALUES (23, '2023-09-25 08:17:00', 121, 'DBT', 4464.55, 45, 32);
   INSERT INTO transaction (txn_id, txn_date, account_id, txn_type_cd, amount, teller_emp_id, execution_branch_id) VALUES (24, '2023-03-17 11:32:00', 30, 'CDT', 807.6, 53, 30);
   INSERT INTO transaction (txn_id, txn_date, account_id, txn_type_cd, amount, teller_emp_id, execution_branch_id) VALUES (25, '2023-06-02 21:44:00', 128, 'DBT', 1148.26, 39, 2);
   INSERT INTO transaction (txn_id, txn_date, account_id, txn_type_cd, amount, teller_emp_id, execution_branch_id) VALUES (26, '2023-06-13 07:39:00', 30, 'CDT', 238.28, 21, 24);
   INSERT INTO transaction (txn_id, txn_date, account_id, txn_type_cd, amount, teller_emp_id, execution_branch_id) VALUES (27, '2023-07-01 18:12:00', 219, 'DBT', 4137.21, 28, 29);
   INSERT INTO transaction (txn_id, txn_date, account_id, txn_type_cd, amount, teller_emp_id, execution_branch_id) VALUES (28, '2023-11-05 15:50:00', 119, 'DBT', 4113.9, 74, 25);
   INSERT INTO transaction (txn_id, txn_date, account_id, txn_type_cd, amount, teller_emp_id, execution_branch_id) VALUES (29, '2023-02-22 11:20:00', 26, 'CDT', 1118.85, 86, 7);
   INSERT INTO transaction (txn_id, txn_date, account_id, txn_type_cd, amount, teller_emp_id, execution_branch_id) VALUES (30, '2023-07-07 21:47:00', 7, 'CDT', 2242.8, 9, 45);
   INSERT INTO transaction (txn_id, txn_date, account_id, txn_type_cd, amount, teller_emp_id, execution_branch_id) VALUES (31, '2023-05-17 05:19:00', 150, 'DBT', 4722.13, 71, 43);
   INSERT INTO transaction (txn_id, txn_date, account_id, txn_type_cd, amount, teller_emp_id, execution_branch_id) VALUES (32, '2023-02-02 15:01:00', 131, 'CDT', 3753.54, 17, 2);
   INSERT INTO transaction (txn_id, txn_date, account_id, txn_type_cd, amount, teller_emp_id, execution_branch_id) VALUES (33, '2023-02-23 06:42:00', 175, 'DBT', 1131.42, 18, 27);
   INSERT INTO transaction (txn_id, txn_date, account_id, txn_type_cd, amount, teller_emp_id, execution_branch_id) VALUES (34, '2023-04-13 22:25:00', 22, 'CDT', 1724.95, 67, 12);
   INSERT INTO transaction (txn_id, txn_date, account_id, txn_type_cd, amount, teller_emp_id, execution_branch_id) VALUES (35, '2023-03-09 06:49:00', 102, 'CDT', 1747.37, 22, 23);
   INSERT INTO transaction (txn_id, txn_date, account_id, txn_type_cd, amount, teller_emp_id, execution_branch_id) VALUES (36, '2023-02-19 22:02:00', 43, 'CDT', 1523.72, 64, 13);
   INSERT INTO transaction (txn_id, txn_date, account_id, txn_type_cd, amount, teller_emp_id, execution_branch_id) VALUES (37, '2023-08-07 06:58:00', 241, 'CDT', 673.61, 57, 34);
   INSERT INTO transaction (txn_id, txn_date, account_id, txn_type_cd, amount, teller_emp_id, execution_branch_id) VALUES (38, '2023-07-27 14:21:00', 173, 'CDT', 3092.32, 90, 2);
   INSERT INTO transaction (txn_id, txn_date, account_id, txn_type_cd, amount, teller_emp_id, execution_branch_id) VALUES (39, '2023-06-15 02:35:00', 34, 'CDT', 1673.47, 79, 7);
   INSERT INTO transaction (txn_id, txn_date, account_id, txn_type_cd, amount, teller_emp_id, execution_branch_id) VALUES (40, '2023-07-26 12:46:00', 191, 'CDT', 507.41, 37, 42);
   INSERT INTO transaction (txn_id, txn_date, account_id, txn_type_cd, amount, teller_emp_id, execution_branch_id) VALUES (41, '2023-12-26 04:08:00', 82, 'CDT', 121.14, 81, 24);
   INSERT INTO transaction (txn_id, txn_date, account_id, txn_type_cd, amount, teller_emp_id, execution_branch_id) VALUES (42, '2023-04-28 16:35:00', 17, 'DBT', 1775.54, 97, 43);
   INSERT INTO transaction (txn_id, txn_date, account_id, txn_type_cd, amount, teller_emp_id, execution_branch_id) VALUES (43, '2023-08-03 16:00:00', 209, 'CDT', 3302.69, 79, 13);
   INSERT INTO transaction (txn_id, txn_date, account_id, txn_type_cd, amount, teller_emp_id, execution_branch_id) VALUES (44, '2023-04-27 15:58:00', 67, 'DBT', 1008.05, 27, 25);
   INSERT INTO transaction (txn_id, txn_date, account_id, txn_type_cd, amount, teller_emp_id, execution_branch_id) VALUES (45, '2023-10-09 15:38:00', 248, 'DBT', 2312.79, 19, 26);
   INSERT INTO transaction (txn_id, txn_date, account_id, txn_type_cd, amount, teller_emp_id, execution_branch_id) VALUES (46, '2023-03-14 23:07:00', 5, 'DBT', 85.77, 23, 16);
   INSERT INTO transaction (txn_id, txn_date, account_id, txn_type_cd, amount, teller_emp_id, execution_branch_id) VALUES (47, '2023-05-31 03:44:00', 193, 'CDT', 1705.53, 48, 11);
   INSERT INTO transaction (txn_id, txn_date, account_id, txn_type_cd, amount, teller_emp_id, execution_branch_id) VALUES (48, '2023-07-08 05:08:00', 102, 'DBT', 144.52, 46, 48);
   INSERT INTO transaction (txn_id, txn_date, account_id, txn_type_cd, amount, teller_emp_id, execution_branch_id) VALUES (49, '2023-06-21 13:42:00', 156, 'DBT', 497.35, 53, 34);
   INSERT INTO transaction (txn_id, txn_date, account_id, txn_type_cd, amount, teller_emp_id, execution_branch_id) VALUES (50, '2023-03-11 09:39:00', 188, 'CDT', 372.23, 25, 31);
   INSERT INTO transaction (txn_id, txn_date, account_id, txn_type_cd, amount, teller_emp_id, execution_branch_id) VALUES (51, '2023-06-16 15:46:00', 218, 'CDT', 4989.41, 81, 35);
   INSERT INTO transaction (txn_id, txn_date, account_id, txn_type_cd, amount, teller_emp_id, execution_branch_id) VALUES (52, '2023-06-20 10:34:00', 158, 'CDT', 971.94, 85, 50);
   INSERT INTO transaction (txn_id, txn_date, account_id, txn_type_cd, amount, teller_emp_id, execution_branch_id) VALUES (53, '2023-07-27 18:52:00', 216, 'DBT', 4238.88, 17, 21);
   INSERT INTO transaction (txn_id, txn_date, account_id, txn_type_cd, amount, teller_emp_id, execution_branch_id) VALUES (54, '2023-06-16 12:39:00', 199, 'CDT', 3888.06, 64, 36);
   INSERT INTO transaction (txn_id, txn_date, account_id, txn_type_cd, amount, teller_emp_id, execution_branch_id) VALUES (55, '2023-01-02 02:27:00', 169, 'CDT', 4237.71, 64, 46);
   INSERT INTO transaction (txn_id, txn_date, account_id, txn_type_cd, amount, teller_emp_id, execution_branch_id) VALUES (56, '2023-06-02 00:02:00', 29, 'CDT', 438.1, 95, 5);
   INSERT INTO transaction (txn_id, txn_date, account_id, txn_type_cd, amount, teller_emp_id, execution_branch_id) VALUES (57, '2023-06-28 22:31:00', 250, 'CDT', 1266.03, 9, 14);
   INSERT INTO transaction (txn_id, txn_date, account_id, txn_type_cd, amount, teller_emp_id, execution_branch_id) VALUES (58, '2023-11-22 18:01:00', 33, 'CDT', 4996.46, 100, 46);
   INSERT INTO transaction (txn_id, txn_date, account_id, txn_type_cd, amount, teller_emp_id, execution_branch_id) VALUES (59, '2023-06-25 07:31:00', 111, 'DBT', 1976.0, 15, 26);
   INSERT INTO transaction (txn_id, txn_date, account_id, txn_type_cd, amount, teller_emp_id, execution_branch_id) VALUES (60, '2023-10-25 17:04:00', 46, 'DBT', 2168.48, 98, 27);
   INSERT INTO transaction (txn_id, txn_date, account_id, txn_type_cd, amount, teller_emp_id, execution_branch_id) VALUES (61, '2023-09-26 15:43:00', 101, 'DBT', 940.5, 27, 32);
   INSERT INTO transaction (txn_id, txn_date, account_id, txn_type_cd, amount, teller_emp_id, execution_branch_id) VALUES (62, '2023-03-20 16:40:00', 110, 'DBT', 423.04, 96, 15);
   INSERT INTO transaction (txn_id, txn_date, account_id, txn_type_cd, amount, teller_emp_id, execution_branch_id) VALUES (63, '2023-03-01 11:43:00', 128, 'DBT', 184.66, 97, 45);
   INSERT INTO transaction (txn_id, txn_date, account_id, txn_type_cd, amount, teller_emp_id, execution_branch_id) VALUES (64, '2023-01-06 05:55:00', 210, 'DBT', 3896.77, 70, 33);
   INSERT INTO transaction (txn_id, txn_date, account_id, txn_type_cd, amount, teller_emp_id, execution_branch_id) VALUES (65, '2023-10-24 21:28:00', 205, 'CDT', 1472.72, 74, 11);
   INSERT INTO transaction (txn_id, txn_date, account_id, txn_type_cd, amount, teller_emp_id, execution_branch_id) VALUES (66, '2023-11-23 00:39:00', 2, 'CDT', 3079.54, 34, 14);
   INSERT INTO transaction (txn_id, txn_date, account_id, txn_type_cd, amount, teller_emp_id, execution_branch_id) VALUES (67, '2024-01-01 16:12:00', 29, 'DBT', 2828.72, 44, 39);
   INSERT INTO transaction (txn_id, txn_date, account_id, txn_type_cd, amount, teller_emp_id, execution_branch_id) VALUES (68, '2023-08-29 20:28:00', 165, 'CDT', 3931.2, 94, 3);
   INSERT INTO transaction (txn_id, txn_date, account_id, txn_type_cd, amount, teller_emp_id, execution_branch_id) VALUES (69, '2023-05-15 18:24:00', 22, 'DBT', 234.9, 74, 25);
   INSERT INTO transaction (txn_id, txn_date, account_id, txn_type_cd, amount, teller_emp_id, execution_branch_id) VALUES (70, '2023-08-20 05:33:00', 126, 'CDT', 4853.49, 40, 22);
   INSERT INTO transaction (txn_id, txn_date, account_id, txn_type_cd, amount, teller_emp_id, execution_branch_id) VALUES (71, '2023-03-03 09:47:00', 122, 'DBT', 4444.13, 61, 49);
   INSERT INTO transaction (txn_id, txn_date, account_id, txn_type_cd, amount, teller_emp_id, execution_branch_id) VALUES (72, '2023-01-07 23:35:00', 137, 'CDT', 2864.13, 92, 28);
   INSERT INTO transaction (txn_id, txn_date, account_id, txn_type_cd, amount, teller_emp_id, execution_branch_id) VALUES (73, '2023-04-17 17:28:00', 220, 'CDT', 2719.88, 69, 8);
   INSERT INTO transaction (txn_id, txn_date, account_id, txn_type_cd, amount, teller_emp_id, execution_branch_id) VALUES (74, '2023-05-18 10:30:00', 39, 'CDT', 3306.08, 96, 28);
   INSERT INTO transaction (txn_id, txn_date, account_id, txn_type_cd, amount, teller_emp_id, execution_branch_id) VALUES (75, '2023-01-18 05:06:00', 170, 'DBT', 2414.19, 53, 22);
   INSERT INTO transaction (txn_id, txn_date, account_id, txn_type_cd, amount, teller_emp_id, execution_branch_id) VALUES (76, '2023-04-09 12:59:00', 21, 'DBT', 451.06, 6, 11);
   INSERT INTO transaction (txn_id, txn_date, account_id, txn_type_cd, amount, teller_emp_id, execution_branch_id) VALUES (77, '2023-06-19 22:44:00', 245, 'CDT', 3863.61, 40, 12);
   INSERT INTO transaction (txn_id, txn_date, account_id, txn_type_cd, amount, teller_emp_id, execution_branch_id) VALUES (78, '2023-07-14 22:02:00', 96, 'DBT', 3250.38, 96, 6);
   INSERT INTO transaction (txn_id, txn_date, account_id, txn_type_cd, amount, teller_emp_id, execution_branch_id) VALUES (79, '2023-12-13 00:50:00', 205, 'CDT', 3708.31, 26, 33);
   INSERT INTO transaction (txn_id, txn_date, account_id, txn_type_cd, amount, teller_emp_id, execution_branch_id) VALUES (80, '2023-03-31 16:30:00', 148, 'DBT', 894.78, 8, 24);
   INSERT INTO transaction (txn_id, txn_date, account_id, txn_type_cd, amount, teller_emp_id, execution_branch_id) VALUES (81, '2023-04-06 07:12:00', 138, 'CDT', 434.64, 53, 25);
   INSERT INTO transaction (txn_id, txn_date, account_id, txn_type_cd, amount, teller_emp_id, execution_branch_id) VALUES (82, '2023-10-27 23:26:00', 63, 'CDT', 4383.95, 17, 4);
   INSERT INTO transaction (txn_id, txn_date, account_id, txn_type_cd, amount, teller_emp_id, execution_branch_id) VALUES (83, '2023-05-11 00:50:00', 7, 'CDT', 4072.31, 19, 17);
   INSERT INTO transaction (txn_id, txn_date, account_id, txn_type_cd, amount, teller_emp_id, execution_branch_id) VALUES (84, '2023-04-17 16:45:00', 225, 'DBT', 1502.72, 39, 1);
   INSERT INTO transaction (txn_id, txn_date, account_id, txn_type_cd, amount, teller_emp_id, execution_branch_id) VALUES (85, '2023-01-12 10:28:00', 226, 'DBT', 1079.55, 31, 20);
   INSERT INTO transaction (txn_id, txn_date, account_id, txn_type_cd, amount, teller_emp_id, execution_branch_id) VALUES (86, '2023-04-25 20:54:00', 13, 'CDT', 4968.31, 78, 34);
   INSERT INTO transaction (txn_id, txn_date, account_id, txn_type_cd, amount, teller_emp_id, execution_branch_id) VALUES (87, '2023-10-21 19:20:00', 125, 'CDT', 4783.64, 51, 17);
   INSERT INTO transaction (txn_id, txn_date, account_id, txn_type_cd, amount, teller_emp_id, execution_branch_id) VALUES (88, '2023-07-15 11:15:00', 37, 'DBT', 2274.69, 89, 10);
   INSERT INTO transaction (txn_id, txn_date, account_id, txn_type_cd, amount, teller_emp_id, execution_branch_id) VALUES (89, '2023-07-08 23:43:00', 124, 'DBT', 3474.5, 59, 12);
   INSERT INTO transaction (txn_id, txn_date, account_id, txn_type_cd, amount, teller_emp_id, execution_branch_id) VALUES (90, '2023-01-23 15:55:00', 212, 'DBT', 2329.89, 16, 13);
   INSERT INTO transaction (txn_id, txn_date, account_id, txn_type_cd, amount, teller_emp_id, execution_branch_id) VALUES (91, '2023-08-29 21:07:00', 114, 'DBT', 1299.84, 81, 12);
   INSERT INTO transaction (txn_id, txn_date, account_id, txn_type_cd, amount, teller_emp_id, execution_branch_id) VALUES (92, '2023-03-06 00:46:00', 57, 'CDT', 3247.82, 27, 28);
   INSERT INTO transaction (txn_id, txn_date, account_id, txn_type_cd, amount, teller_emp_id, execution_branch_id) VALUES (93, '2023-03-18 06:59:00', 48, 'DBT', 4336.78, 9, 15);
   INSERT INTO transaction (txn_id, txn_date, account_id, txn_type_cd, amount, teller_emp_id, execution_branch_id) VALUES (94, '2023-10-29 13:50:00', 12, 'CDT', 92.03, 33, 30);
   INSERT INTO transaction (txn_id, txn_date, account_id, txn_type_cd, amount, teller_emp_id, execution_branch_id) VALUES (95, '2023-05-16 09:38:00', 246, 'DBT', 627.81, 3, 31);
   INSERT INTO transaction (txn_id, txn_date, account_id, txn_type_cd, amount, teller_emp_id, execution_branch_id) VALUES (96, '2023-06-24 21:31:00', 188, 'CDT', 1308.65, 45, 48);
   INSERT INTO transaction (txn_id, txn_date, account_id, txn_type_cd, amount, teller_emp_id, execution_branch_id) VALUES (97, '2023-10-27 18:27:00', 1, 'CDT', 4137.09, 86, 39);
   INSERT INTO transaction (txn_id, txn_date, account_id, txn_type_cd, amount, teller_emp_id, execution_branch_id) VALUES (98, '2023-08-11 02:03:00', 94, 'CDT', 913.46, 15, 22);
   INSERT INTO transaction (txn_id, txn_date, account_id, txn_type_cd, amount, teller_emp_id, execution_branch_id) VALUES (99, '2023-01-11 03:51:00', 122, 'DBT', 3893.51, 43, 19);
   INSERT INTO transaction (txn_id, txn_date, account_id, txn_type_cd, amount, teller_emp_id, execution_branch_id) VALUES (100, '2023-08-20 04:46:00', 243, 'DBT', 4641.6, 33, 3);
   INSERT INTO transaction (txn_id, txn_date, account_id, txn_type_cd, amount, teller_emp_id, execution_branch_id) VALUES (101, '2023-04-04 01:04:00', 156, 'DBT', 3748.04, 29, 11);
   INSERT INTO transaction (txn_id, txn_date, account_id, txn_type_cd, amount, teller_emp_id, execution_branch_id) VALUES (102, '2023-05-20 19:27:00', 238, 'CDT', 4025.4, 47, 41);
   INSERT INTO transaction (txn_id, txn_date, account_id, txn_type_cd, amount, teller_emp_id, execution_branch_id) VALUES (103, '2023-03-28 00:58:00', 233, 'CDT', 2666.65, 14, 6);
   INSERT INTO transaction (txn_id, txn_date, account_id, txn_type_cd, amount, teller_emp_id, execution_branch_id) VALUES (104, '2023-09-12 13:25:00', 120, 'DBT', 3739.59, 4, 11);
   INSERT INTO transaction (txn_id, txn_date, account_id, txn_type_cd, amount, teller_emp_id, execution_branch_id) VALUES (105, '2023-11-05 11:07:00', 100, 'DBT', 4474.45, 76, 36);
   INSERT INTO transaction (txn_id, txn_date, account_id, txn_type_cd, amount, teller_emp_id, execution_branch_id) VALUES (106, '2023-01-03 12:49:00', 92, 'CDT', 1169.66, 12, 33);
   INSERT INTO transaction (txn_id, txn_date, account_id, txn_type_cd, amount, teller_emp_id, execution_branch_id) VALUES (107, '2023-01-24 06:11:00', 182, 'DBT', 4795.4, 18, 41);
   INSERT INTO transaction (txn_id, txn_date, account_id, txn_type_cd, amount, teller_emp_id, execution_branch_id) VALUES (108, '2023-03-28 03:25:00', 241, 'DBT', 4859.63, 2, 18);
   INSERT INTO transaction (txn_id, txn_date, account_id, txn_type_cd, amount, teller_emp_id, execution_branch_id) VALUES (109, '2023-08-03 00:45:00', 130, 'DBT', 1909.85, 39, 18);
   INSERT INTO transaction (txn_id, txn_date, account_id, txn_type_cd, amount, teller_emp_id, execution_branch_id) VALUES (110, '2023-02-05 14:48:00', 223, 'DBT', 1369.73, 17, 45);
   INSERT INTO transaction (txn_id, txn_date, account_id, txn_type_cd, amount, teller_emp_id, execution_branch_id) VALUES (111, '2023-09-18 16:10:00', 209, 'CDT', 3337.09, 47, 29);
   INSERT INTO transaction (txn_id, txn_date, account_id, txn_type_cd, amount, teller_emp_id, execution_branch_id) VALUES (112, '2023-09-17 08:29:00', 59, 'DBT', 2021.54, 26, 17);
   INSERT INTO transaction (txn_id, txn_date, account_id, txn_type_cd, amount, teller_emp_id, execution_branch_id) VALUES (113, '2023-04-12 08:34:00', 119, 'CDT', 2707.99, 65, 34);
   INSERT INTO transaction (txn_id, txn_date, account_id, txn_type_cd, amount, teller_emp_id, execution_branch_id) VALUES (114, '2023-04-07 13:13:00', 4, 'DBT', 2651.46, 42, 40);
   INSERT INTO transaction (txn_id, txn_date, account_id, txn_type_cd, amount, teller_emp_id, execution_branch_id) VALUES (115, '2023-09-15 15:25:00', 66, 'CDT', 1270.36, 53, 32);
   INSERT INTO transaction (txn_id, txn_date, account_id, txn_type_cd, amount, teller_emp_id, execution_branch_id) VALUES (116, '2023-07-05 18:09:00', 59, 'DBT', 4275.39, 37, 3);
   INSERT INTO transaction (txn_id, txn_date, account_id, txn_type_cd, amount, teller_emp_id, execution_branch_id) VALUES (117, '2023-09-14 05:17:00', 243, 'CDT', 4592.89, 8, 46);
   INSERT INTO transaction (txn_id, txn_date, account_id, txn_type_cd, amount, teller_emp_id, execution_branch_id) VALUES (118, '2023-02-18 08:02:00', 119, 'CDT', 1663.32, 34, 21);
   INSERT INTO transaction (txn_id, txn_date, account_id, txn_type_cd, amount, teller_emp_id, execution_branch_id) VALUES (119, '2023-06-07 03:03:00', 142, 'CDT', 2766.87, 93, 33);
   INSERT INTO transaction (txn_id, txn_date, account_id, txn_type_cd, amount, teller_emp_id, execution_branch_id) VALUES (120, '2023-08-22 09:52:00', 233, 'DBT', 1981.32, 45, 21);
   INSERT INTO transaction (txn_id, txn_date, account_id, txn_type_cd, amount, teller_emp_id, execution_branch_id) VALUES (121, '2023-11-03 04:56:00', 19, 'CDT', 2274.8, 89, 18);
   INSERT INTO transaction (txn_id, txn_date, account_id, txn_type_cd, amount, teller_emp_id, execution_branch_id) VALUES (122, '2023-09-25 20:14:00', 116, 'CDT', 721.48, 85, 14);
   INSERT INTO transaction (txn_id, txn_date, account_id, txn_type_cd, amount, teller_emp_id, execution_branch_id) VALUES (123, '2023-02-18 00:28:00', 176, 'CDT', 797.8, 32, 36);
   INSERT INTO transaction (txn_id, txn_date, account_id, txn_type_cd, amount, teller_emp_id, execution_branch_id) VALUES (124, '2023-09-08 09:32:00', 108, 'DBT', 2620.47, 14, 31);
   INSERT INTO transaction (txn_id, txn_date, account_id, txn_type_cd, amount, teller_emp_id, execution_branch_id) VALUES (125, '2023-10-11 19:38:00', 76, 'CDT', 996.33, 99, 38);
   INSERT INTO transaction (txn_id, txn_date, account_id, txn_type_cd, amount, teller_emp_id, execution_branch_id) VALUES (126, '2023-05-19 19:08:00', 208, 'CDT', 2719.48, 56, 25);
   INSERT INTO transaction (txn_id, txn_date, account_id, txn_type_cd, amount, teller_emp_id, execution_branch_id) VALUES (127, '2023-08-09 15:24:00', 208, 'CDT', 1087.48, 7, 44);
   INSERT INTO transaction (txn_id, txn_date, account_id, txn_type_cd, amount, teller_emp_id, execution_branch_id) VALUES (128, '2023-10-31 22:25:00', 3, 'DBT', 175.88, 92, 22);
   INSERT INTO transaction (txn_id, txn_date, account_id, txn_type_cd, amount, teller_emp_id, execution_branch_id) VALUES (129, '2023-05-31 23:43:00', 71, 'CDT', 3572.5, 73, 45);
   INSERT INTO transaction (txn_id, txn_date, account_id, txn_type_cd, amount, teller_emp_id, execution_branch_id) VALUES (130, '2023-12-29 14:54:00', 114, 'DBT', 1535.27, 65, 28);
   INSERT INTO transaction (txn_id, txn_date, account_id, txn_type_cd, amount, teller_emp_id, execution_branch_id) VALUES (131, '2023-07-08 07:21:00', 221, 'CDT', 2620.96, 67, 1);
   INSERT INTO transaction (txn_id, txn_date, account_id, txn_type_cd, amount, teller_emp_id, execution_branch_id) VALUES (132, '2023-05-30 15:16:00', 157, 'CDT', 4663.28, 34, 1);
   INSERT INTO transaction (txn_id, txn_date, account_id, txn_type_cd, amount, teller_emp_id, execution_branch_id) VALUES (133, '2023-05-04 17:17:00', 86, 'DBT', 601.67, 98, 28);
   INSERT INTO transaction (txn_id, txn_date, account_id, txn_type_cd, amount, teller_emp_id, execution_branch_id) VALUES (134, '2023-04-21 07:34:00', 241, 'DBT', 4636.93, 36, 35);
   INSERT INTO transaction (txn_id, txn_date, account_id, txn_type_cd, amount, teller_emp_id, execution_branch_id) VALUES (135, '2023-09-23 09:51:00', 220, 'DBT', 3195.09, 31, 11);
   INSERT INTO transaction (txn_id, txn_date, account_id, txn_type_cd, amount, teller_emp_id, execution_branch_id) VALUES (136, '2023-05-29 05:36:00', 185, 'DBT', 1033.18, 38, 29);
   INSERT INTO transaction (txn_id, txn_date, account_id, txn_type_cd, amount, teller_emp_id, execution_branch_id) VALUES (137, '2023-05-22 11:03:00', 50, 'CDT', 2653.94, 63, 6);
   INSERT INTO transaction (txn_id, txn_date, account_id, txn_type_cd, amount, teller_emp_id, execution_branch_id) VALUES (138, '2023-11-02 06:26:00', 215, 'CDT', 1442.71, 74, 3);
   INSERT INTO transaction (txn_id, txn_date, account_id, txn_type_cd, amount, teller_emp_id, execution_branch_id) VALUES (139, '2023-12-13 02:05:00', 24, 'DBT', 2146.39, 1, 6);
   INSERT INTO transaction (txn_id, txn_date, account_id, txn_type_cd, amount, teller_emp_id, execution_branch_id) VALUES (140, '2023-03-21 10:06:00', 215, 'DBT', 4527.75, 82, 10);
   INSERT INTO transaction (txn_id, txn_date, account_id, txn_type_cd, amount, teller_emp_id, execution_branch_id) VALUES (141, '2023-11-27 01:41:00', 78, 'DBT', 2953.94, 45, 4);
   INSERT INTO transaction (txn_id, txn_date, account_id, txn_type_cd, amount, teller_emp_id, execution_branch_id) VALUES (142, '2023-01-21 13:44:00', 135, 'DBT', 1149.04, 91, 26);
   INSERT INTO transaction (txn_id, txn_date, account_id, txn_type_cd, amount, teller_emp_id, execution_branch_id) VALUES (143, '2023-08-30 20:18:00', 7, 'CDT', 3474.56, 36, 30);
   INSERT INTO transaction (txn_id, txn_date, account_id, txn_type_cd, amount, teller_emp_id, execution_branch_id) VALUES (144, '2023-12-29 14:55:00', 132, 'DBT', 4295.74, 71, 2);
   INSERT INTO transaction (txn_id, txn_date, account_id, txn_type_cd, amount, teller_emp_id, execution_branch_id) VALUES (145, '2023-02-05 21:18:00', 179, 'DBT', 2736.47, 9, 41);
   INSERT INTO transaction (txn_id, txn_date, account_id, txn_type_cd, amount, teller_emp_id, execution_branch_id) VALUES (146, '2023-03-04 04:46:00', 41, 'DBT', 134.63, 89, 23);
   INSERT INTO transaction (txn_id, txn_date, account_id, txn_type_cd, amount, teller_emp_id, execution_branch_id) VALUES (147, '2023-05-09 20:55:00', 125, 'CDT', 58.07, 15, 30);
   INSERT INTO transaction (txn_id, txn_date, account_id, txn_type_cd, amount, teller_emp_id, execution_branch_id) VALUES (148, '2023-04-19 11:39:00', 21, 'CDT', 2414.32, 48, 4);
   INSERT INTO transaction (txn_id, txn_date, account_id, txn_type_cd, amount, teller_emp_id, execution_branch_id) VALUES (149, '2023-07-01 11:54:00', 108, 'DBT', 2012.93, 70, 39);
   INSERT INTO transaction (txn_id, txn_date, account_id, txn_type_cd, amount, teller_emp_id, execution_branch_id) VALUES (150, '2023-12-25 06:57:00', 104, 'DBT', 1100.91, 76, 14);
   INSERT INTO transaction (txn_id, txn_date, account_id, txn_type_cd, amount, teller_emp_id, execution_branch_id) VALUES (151, '2023-08-30 19:44:00', 210, 'DBT', 4629.84, 44, 15);
   INSERT INTO transaction (txn_id, txn_date, account_id, txn_type_cd, amount, teller_emp_id, execution_branch_id) VALUES (152, '2023-04-24 00:35:00', 150, 'CDT', 1460.48, 76, 26);
   INSERT INTO transaction (txn_id, txn_date, account_id, txn_type_cd, amount, teller_emp_id, execution_branch_id) VALUES (153, '2023-06-10 12:44:00', 27, 'DBT', 3308.32, 89, 13);
   INSERT INTO transaction (txn_id, txn_date, account_id, txn_type_cd, amount, teller_emp_id, execution_branch_id) VALUES (154, '2023-02-22 03:35:00', 102, 'DBT', 3673.44, 47, 26);
   INSERT INTO transaction (txn_id, txn_date, account_id, txn_type_cd, amount, teller_emp_id, execution_branch_id) VALUES (155, '2023-09-23 05:31:00', 127, 'DBT', 417.99, 60, 44);
   INSERT INTO transaction (txn_id, txn_date, account_id, txn_type_cd, amount, teller_emp_id, execution_branch_id) VALUES (156, '2023-08-22 01:08:00', 222, 'CDT', 2408.35, 87, 2);
   INSERT INTO transaction (txn_id, txn_date, account_id, txn_type_cd, amount, teller_emp_id, execution_branch_id) VALUES (157, '2023-05-26 13:37:00', 42, 'CDT', 14.07, 82, 29);
   INSERT INTO transaction (txn_id, txn_date, account_id, txn_type_cd, amount, teller_emp_id, execution_branch_id) VALUES (158, '2023-03-26 05:01:00', 80, 'CDT', 1653.12, 81, 33);
   INSERT INTO transaction (txn_id, txn_date, account_id, txn_type_cd, amount, teller_emp_id, execution_branch_id) VALUES (159, '2023-07-25 18:05:00', 247, 'DBT', 4832.98, 24, 50);
   INSERT INTO transaction (txn_id, txn_date, account_id, txn_type_cd, amount, teller_emp_id, execution_branch_id) VALUES (160, '2023-10-25 21:12:00', 43, 'DBT', 1807.68, 83, 20);
   INSERT INTO transaction (txn_id, txn_date, account_id, txn_type_cd, amount, teller_emp_id, execution_branch_id) VALUES (161, '2023-11-30 04:09:00', 17, 'DBT', 2596.99, 87, 23);
   INSERT INTO transaction (txn_id, txn_date, account_id, txn_type_cd, amount, teller_emp_id, execution_branch_id) VALUES (162, '2023-06-03 21:17:00', 49, 'CDT', 1119.31, 72, 32);
   INSERT INTO transaction (txn_id, txn_date, account_id, txn_type_cd, amount, teller_emp_id, execution_branch_id) VALUES (163, '2023-11-17 00:29:00', 115, 'DBT', 1855.74, 67, 29);
   INSERT INTO transaction (txn_id, txn_date, account_id, txn_type_cd, amount, teller_emp_id, execution_branch_id) VALUES (164, '2023-01-07 21:00:00', 191, 'CDT', 2544.82, 91, 9);
   INSERT INTO transaction (txn_id, txn_date, account_id, txn_type_cd, amount, teller_emp_id, execution_branch_id) VALUES (165, '2023-11-27 18:21:00', 216, 'DBT', 907.77, 73, 25);
   INSERT INTO transaction (txn_id, txn_date, account_id, txn_type_cd, amount, teller_emp_id, execution_branch_id) VALUES (166, '2023-06-13 17:07:00', 85, 'CDT', 4783.53, 20, 21);
   INSERT INTO transaction (txn_id, txn_date, account_id, txn_type_cd, amount, teller_emp_id, execution_branch_id) VALUES (167, '2023-08-28 03:06:00', 195, 'DBT', 3256.67, 35, 8);
   INSERT INTO transaction (txn_id, txn_date, account_id, txn_type_cd, amount, teller_emp_id, execution_branch_id) VALUES (168, '2023-06-04 01:43:00', 109, 'DBT', 3549.0, 21, 18);
   INSERT INTO transaction (txn_id, txn_date, account_id, txn_type_cd, amount, teller_emp_id, execution_branch_id) VALUES (169, '2023-07-28 11:13:00', 35, 'CDT', 1809.52, 95, 33);
   INSERT INTO transaction (txn_id, txn_date, account_id, txn_type_cd, amount, teller_emp_id, execution_branch_id) VALUES (170, '2023-04-02 03:04:00', 250, 'DBT', 4179.77, 48, 7);
   INSERT INTO transaction (txn_id, txn_date, account_id, txn_type_cd, amount, teller_emp_id, execution_branch_id) VALUES (171, '2023-12-10 07:56:00', 26, 'DBT', 4290.05, 78, 41);
   INSERT INTO transaction (txn_id, txn_date, account_id, txn_type_cd, amount, teller_emp_id, execution_branch_id) VALUES (172, '2024-01-01 01:29:00', 67, 'CDT', 795.11, 15, 9);
   INSERT INTO transaction (txn_id, txn_date, account_id, txn_type_cd, amount, teller_emp_id, execution_branch_id) VALUES (173, '2023-09-02 11:31:00', 233, 'DBT', 2558.09, 26, 25);
   INSERT INTO transaction (txn_id, txn_date, account_id, txn_type_cd, amount, teller_emp_id, execution_branch_id) VALUES (174, '2023-09-17 00:54:00', 168, 'CDT', 2902.4, 5, 41);
   INSERT INTO transaction (txn_id, txn_date, account_id, txn_type_cd, amount, teller_emp_id, execution_branch_id) VALUES (175, '2023-09-13 15:19:00', 153, 'DBT', 1190.19, 61, 47);
   INSERT INTO transaction (txn_id, txn_date, account_id, txn_type_cd, amount, teller_emp_id, execution_branch_id) VALUES (176, '2023-06-16 22:42:00', 58, 'DBT', 1157.9, 30, 37);
   INSERT INTO transaction (txn_id, txn_date, account_id, txn_type_cd, amount, teller_emp_id, execution_branch_id) VALUES (177, '2023-06-02 08:05:00', 143, 'DBT', 1108.2, 44, 9);
   INSERT INTO transaction (txn_id, txn_date, account_id, txn_type_cd, amount, teller_emp_id, execution_branch_id) VALUES (178, '2023-06-08 02:21:00', 237, 'DBT', 2224.76, 54, 9);
   INSERT INTO transaction (txn_id, txn_date, account_id, txn_type_cd, amount, teller_emp_id, execution_branch_id) VALUES (179, '2023-02-04 13:41:00', 121, 'CDT', 1821.39, 65, 11);
   INSERT INTO transaction (txn_id, txn_date, account_id, txn_type_cd, amount, teller_emp_id, execution_branch_id) VALUES (180, '2023-06-13 09:22:00', 168, 'CDT', 3091.96, 2, 24);
   INSERT INTO transaction (txn_id, txn_date, account_id, txn_type_cd, amount, teller_emp_id, execution_branch_id) VALUES (181, '2023-04-30 11:10:00', 63, 'DBT', 4020.46, 34, 44);
   INSERT INTO transaction (txn_id, txn_date, account_id, txn_type_cd, amount, teller_emp_id, execution_branch_id) VALUES (182, '2023-02-21 21:25:00', 59, 'DBT', 3437.54, 81, 24);
   INSERT INTO transaction (txn_id, txn_date, account_id, txn_type_cd, amount, teller_emp_id, execution_branch_id) VALUES (183, '2023-11-10 12:25:00', 142, 'DBT', 1051.74, 17, 41);
   INSERT INTO transaction (txn_id, txn_date, account_id, txn_type_cd, amount, teller_emp_id, execution_branch_id) VALUES (184, '2023-08-06 08:22:00', 152, 'DBT', 3100.25, 84, 39);
   INSERT INTO transaction (txn_id, txn_date, account_id, txn_type_cd, amount, teller_emp_id, execution_branch_id) VALUES (185, '2023-04-25 12:14:00', 40, 'CDT', 4658.84, 74, 20);
   INSERT INTO transaction (txn_id, txn_date, account_id, txn_type_cd, amount, teller_emp_id, execution_branch_id) VALUES (186, '2023-04-22 21:14:00', 148, 'DBT', 318.38, 15, 22);
   INSERT INTO transaction (txn_id, txn_date, account_id, txn_type_cd, amount, teller_emp_id, execution_branch_id) VALUES (187, '2023-04-08 14:20:00', 121, 'DBT', 1555.25, 85, 7);
   INSERT INTO transaction (txn_id, txn_date, account_id, txn_type_cd, amount, teller_emp_id, execution_branch_id) VALUES (188, '2023-09-30 07:17:00', 158, 'CDT', 1475.09, 61, 29);
   INSERT INTO transaction (txn_id, txn_date, account_id, txn_type_cd, amount, teller_emp_id, execution_branch_id) VALUES (189, '2023-06-11 11:17:00', 131, 'DBT', 4210.9, 62, 40);
   INSERT INTO transaction (txn_id, txn_date, account_id, txn_type_cd, amount, teller_emp_id, execution_branch_id) VALUES (190, '2023-05-03 09:21:00', 107, 'DBT', 4292.07, 32, 33);
   INSERT INTO transaction (txn_id, txn_date, account_id, txn_type_cd, amount, teller_emp_id, execution_branch_id) VALUES (191, '2023-12-17 14:11:00', 171, 'CDT', 1289.48, 97, 40);
   INSERT INTO transaction (txn_id, txn_date, account_id, txn_type_cd, amount, teller_emp_id, execution_branch_id) VALUES (192, '2023-08-25 21:36:00', 68, 'DBT', 1234.17, 62, 11);
   INSERT INTO transaction (txn_id, txn_date, account_id, txn_type_cd, amount, teller_emp_id, execution_branch_id) VALUES (193, '2023-09-21 03:57:00', 11, 'DBT', 510.49, 99, 27);
   INSERT INTO transaction (txn_id, txn_date, account_id, txn_type_cd, amount, teller_emp_id, execution_branch_id) VALUES (194, '2023-09-20 12:03:00', 154, 'CDT', 607.5, 47, 45);
   INSERT INTO transaction (txn_id, txn_date, account_id, txn_type_cd, amount, teller_emp_id, execution_branch_id) VALUES (195, '2023-04-11 07:16:00', 185, 'DBT', 3810.52, 18, 34);
   INSERT INTO transaction (txn_id, txn_date, account_id, txn_type_cd, amount, teller_emp_id, execution_branch_id) VALUES (196, '2023-07-23 23:15:00', 171, 'DBT', 3606.11, 46, 49);
   INSERT INTO transaction (txn_id, txn_date, account_id, txn_type_cd, amount, teller_emp_id, execution_branch_id) VALUES (197, '2023-05-12 08:10:00', 109, 'CDT', 537.86, 85, 38);
   INSERT INTO transaction (txn_id, txn_date, account_id, txn_type_cd, amount, teller_emp_id, execution_branch_id) VALUES (198, '2023-11-19 07:09:00', 28, 'DBT', 2324.91, 52, 6);
   INSERT INTO transaction (txn_id, txn_date, account_id, txn_type_cd, amount, teller_emp_id, execution_branch_id) VALUES (199, '2023-02-25 02:33:00', 186, 'DBT', 4407.26, 37, 41);
   INSERT INTO transaction (txn_id, txn_date, account_id, txn_type_cd, amount, teller_emp_id, execution_branch_id) VALUES (200, '2023-10-28 06:37:00', 127, 'CDT', 541.38, 49, 46);
   INSERT INTO transaction (txn_id, txn_date, account_id, txn_type_cd, amount, teller_emp_id, execution_branch_id) VALUES (201, '2023-04-10 06:57:00', 111, 'DBT', 284.89, 45, 36);
   INSERT INTO transaction (txn_id, txn_date, account_id, txn_type_cd, amount, teller_emp_id, execution_branch_id) VALUES (202, '2023-09-27 15:05:00', 105, 'DBT', 2211.58, 5, 15);
   INSERT INTO transaction (txn_id, txn_date, account_id, txn_type_cd, amount, teller_emp_id, execution_branch_id) VALUES (203, '2023-04-07 07:08:00', 150, 'CDT', 2167.08, 95, 24);
   INSERT INTO transaction (txn_id, txn_date, account_id, txn_type_cd, amount, teller_emp_id, execution_branch_id) VALUES (204, '2023-08-28 19:30:00', 111, 'CDT', 2430.23, 40, 17);
   INSERT INTO transaction (txn_id, txn_date, account_id, txn_type_cd, amount, teller_emp_id, execution_branch_id) VALUES (205, '2023-03-11 15:09:00', 97, 'CDT', 470.29, 65, 46);
   INSERT INTO transaction (txn_id, txn_date, account_id, txn_type_cd, amount, teller_emp_id, execution_branch_id) VALUES (206, '2023-04-08 03:20:00', 33, 'CDT', 3744.5, 43, 23);
   INSERT INTO transaction (txn_id, txn_date, account_id, txn_type_cd, amount, teller_emp_id, execution_branch_id) VALUES (207, '2023-01-20 14:09:00', 176, 'CDT', 2006.52, 28, 46);
   INSERT INTO transaction (txn_id, txn_date, account_id, txn_type_cd, amount, teller_emp_id, execution_branch_id) VALUES (208, '2023-09-20 07:20:00', 81, 'DBT', 4600.05, 78, 6);
   INSERT INTO transaction (txn_id, txn_date, account_id, txn_type_cd, amount, teller_emp_id, execution_branch_id) VALUES (209, '2023-05-26 17:53:00', 157, 'CDT', 200.67, 7, 21);
   INSERT INTO transaction (txn_id, txn_date, account_id, txn_type_cd, amount, teller_emp_id, execution_branch_id) VALUES (210, '2023-10-30 10:39:00', 183, 'CDT', 1827.72, 76, 49);
   INSERT INTO transaction (txn_id, txn_date, account_id, txn_type_cd, amount, teller_emp_id, execution_branch_id) VALUES (211, '2023-10-31 12:59:00', 83, 'CDT', 4714.54, 77, 40);
   INSERT INTO transaction (txn_id, txn_date, account_id, txn_type_cd, amount, teller_emp_id, execution_branch_id) VALUES (212, '2023-11-10 16:42:00', 155, 'CDT', 667.14, 26, 41);
   INSERT INTO transaction (txn_id, txn_date, account_id, txn_type_cd, amount, teller_emp_id, execution_branch_id) VALUES (213, '2023-04-04 03:44:00', 158, 'CDT', 4976.31, 54, 49);
   INSERT INTO transaction (txn_id, txn_date, account_id, txn_type_cd, amount, teller_emp_id, execution_branch_id) VALUES (214, '2023-09-14 20:00:00', 215, 'DBT', 466.22, 26, 31);
   INSERT INTO transaction (txn_id, txn_date, account_id, txn_type_cd, amount, teller_emp_id, execution_branch_id) VALUES (215, '2023-04-21 00:47:00', 20, 'CDT', 1126.62, 32, 40);
   INSERT INTO transaction (txn_id, txn_date, account_id, txn_type_cd, amount, teller_emp_id, execution_branch_id) VALUES (216, '2023-09-14 00:21:00', 8, 'CDT', 2610.19, 71, 35);
   INSERT INTO transaction (txn_id, txn_date, account_id, txn_type_cd, amount, teller_emp_id, execution_branch_id) VALUES (217, '2023-12-08 09:37:00', 54, 'DBT', 2975.05, 94, 46);
   INSERT INTO transaction (txn_id, txn_date, account_id, txn_type_cd, amount, teller_emp_id, execution_branch_id) VALUES (218, '2023-06-21 11:27:00', 168, 'DBT', 155.32, 41, 19);
   INSERT INTO transaction (txn_id, txn_date, account_id, txn_type_cd, amount, teller_emp_id, execution_branch_id) VALUES (219, '2023-01-24 12:12:00', 50, 'DBT', 1899.36, 27, 5);
   INSERT INTO transaction (txn_id, txn_date, account_id, txn_type_cd, amount, teller_emp_id, execution_branch_id) VALUES (220, '2023-04-06 09:59:00', 250, 'CDT', 3498.62, 56, 21);
   INSERT INTO transaction (txn_id, txn_date, account_id, txn_type_cd, amount, teller_emp_id, execution_branch_id) VALUES (221, '2023-08-16 19:27:00', 31, 'DBT', 508.63, 82, 7);
   INSERT INTO transaction (txn_id, txn_date, account_id, txn_type_cd, amount, teller_emp_id, execution_branch_id) VALUES (222, '2023-08-09 16:07:00', 76, 'DBT', 2432.77, 53, 36);
   INSERT INTO transaction (txn_id, txn_date, account_id, txn_type_cd, amount, teller_emp_id, execution_branch_id) VALUES (223, '2023-02-18 02:45:00', 137, 'CDT', 635.21, 11, 11);
   INSERT INTO transaction (txn_id, txn_date, account_id, txn_type_cd, amount, teller_emp_id, execution_branch_id) VALUES (224, '2023-09-02 10:35:00', 132, 'DBT', 1301.43, 60, 46);
   INSERT INTO transaction (txn_id, txn_date, account_id, txn_type_cd, amount, teller_emp_id, execution_branch_id) VALUES (225, '2023-08-26 20:58:00', 241, 'DBT', 2978.62, 17, 36);
   INSERT INTO transaction (txn_id, txn_date, account_id, txn_type_cd, amount, teller_emp_id, execution_branch_id) VALUES (226, '2023-04-29 15:02:00', 59, 'CDT', 1904.12, 15, 27);
   INSERT INTO transaction (txn_id, txn_date, account_id, txn_type_cd, amount, teller_emp_id, execution_branch_id) VALUES (227, '2023-03-03 12:43:00', 92, 'DBT', 2261.55, 57, 1);
   INSERT INTO transaction (txn_id, txn_date, account_id, txn_type_cd, amount, teller_emp_id, execution_branch_id) VALUES (228, '2023-05-11 08:21:00', 145, 'DBT', 1800.94, 8, 49);
   INSERT INTO transaction (txn_id, txn_date, account_id, txn_type_cd, amount, teller_emp_id, execution_branch_id) VALUES (229, '2023-03-12 20:10:00', 134, 'CDT', 780.71, 56, 25);
   INSERT INTO transaction (txn_id, txn_date, account_id, txn_type_cd, amount, teller_emp_id, execution_branch_id) VALUES (230, '2023-05-06 21:21:00', 9, 'CDT', 1608.43, 77, 30);
   INSERT INTO transaction (txn_id, txn_date, account_id, txn_type_cd, amount, teller_emp_id, execution_branch_id) VALUES (231, '2023-04-15 08:05:00', 114, 'DBT', 2991.92, 24, 7);
   INSERT INTO transaction (txn_id, txn_date, account_id, txn_type_cd, amount, teller_emp_id, execution_branch_id) VALUES (232, '2023-12-10 10:29:00', 106, 'CDT', 1514.58, 86, 9);
   INSERT INTO transaction (txn_id, txn_date, account_id, txn_type_cd, amount, teller_emp_id, execution_branch_id) VALUES (233, '2023-02-13 13:50:00', 190, 'CDT', 3362.48, 93, 24);
   INSERT INTO transaction (txn_id, txn_date, account_id, txn_type_cd, amount, teller_emp_id, execution_branch_id) VALUES (234, '2023-09-05 16:50:00', 135, 'CDT', 4950.99, 1, 18);
   INSERT INTO transaction (txn_id, txn_date, account_id, txn_type_cd, amount, teller_emp_id, execution_branch_id) VALUES (235, '2023-01-28 21:01:00', 221, 'DBT', 2252.26, 68, 22);
   INSERT INTO transaction (txn_id, txn_date, account_id, txn_type_cd, amount, teller_emp_id, execution_branch_id) VALUES (236, '2023-05-13 06:44:00', 233, 'CDT', 1479.37, 14, 1);
   INSERT INTO transaction (txn_id, txn_date, account_id, txn_type_cd, amount, teller_emp_id, execution_branch_id) VALUES (237, '2023-12-23 06:46:00', 62, 'CDT', 3381.59, 28, 39);
   INSERT INTO transaction (txn_id, txn_date, account_id, txn_type_cd, amount, teller_emp_id, execution_branch_id) VALUES (238, '2023-06-07 14:51:00', 74, 'DBT', 428.42, 98, 25);
   INSERT INTO transaction (txn_id, txn_date, account_id, txn_type_cd, amount, teller_emp_id, execution_branch_id) VALUES (239, '2023-01-12 18:59:00', 73, 'DBT', 1494.67, 19, 37);
   INSERT INTO transaction (txn_id, txn_date, account_id, txn_type_cd, amount, teller_emp_id, execution_branch_id) VALUES (240, '2023-04-04 21:48:00', 227, 'CDT', 4552.11, 23, 10);
   INSERT INTO transaction (txn_id, txn_date, account_id, txn_type_cd, amount, teller_emp_id, execution_branch_id) VALUES (241, '2023-03-22 12:36:00', 160, 'CDT', 4658.55, 20, 27);
   INSERT INTO transaction (txn_id, txn_date, account_id, txn_type_cd, amount, teller_emp_id, execution_branch_id) VALUES (242, '2023-08-12 12:55:00', 108, 'CDT', 3036.34, 35, 33);
   INSERT INTO transaction (txn_id, txn_date, account_id, txn_type_cd, amount, teller_emp_id, execution_branch_id) VALUES (243, '2023-04-10 08:42:00', 145, 'CDT', 2719.56, 27, 2);
   INSERT INTO transaction (txn_id, txn_date, account_id, txn_type_cd, amount, teller_emp_id, execution_branch_id) VALUES (244, '2023-02-27 20:45:00', 53, 'CDT', 50.75, 59, 6);
   INSERT INTO transaction (txn_id, txn_date, account_id, txn_type_cd, amount, teller_emp_id, execution_branch_id) VALUES (245, '2023-06-27 01:36:00', 142, 'CDT', 901.02, 38, 4);
   INSERT INTO transaction (txn_id, txn_date, account_id, txn_type_cd, amount, teller_emp_id, execution_branch_id) VALUES (246, '2023-02-22 22:00:00', 86, 'DBT', 2717.17, 43, 13);
   INSERT INTO transaction (txn_id, txn_date, account_id, txn_type_cd, amount, teller_emp_id, execution_branch_id) VALUES (247, '2023-01-05 13:42:00', 29, 'CDT', 2333.75, 51, 27);
   INSERT INTO transaction (txn_id, txn_date, account_id, txn_type_cd, amount, teller_emp_id, execution_branch_id) VALUES (248, '2023-08-08 04:51:00', 20, 'DBT', 1943.66, 21, 45);
   INSERT INTO transaction (txn_id, txn_date, account_id, txn_type_cd, amount, teller_emp_id, execution_branch_id) VALUES (249, '2023-02-26 05:25:00', 111, 'DBT', 1712.72, 17, 44);
   INSERT INTO transaction (txn_id, txn_date, account_id, txn_type_cd, amount, teller_emp_id, execution_branch_id) VALUES (250, '2023-11-08 18:01:00', 146, 'CDT', 1032.23, 2, 26);
   INSERT INTO transaction (txn_id, txn_date, account_id, txn_type_cd, amount, teller_emp_id, execution_branch_id) VALUES (251, '2023-06-27 22:52:00', 209, 'DBT', 4275.65, 98, 25);
   INSERT INTO transaction (txn_id, txn_date, account_id, txn_type_cd, amount, teller_emp_id, execution_branch_id) VALUES (252, '2023-01-11 18:00:00', 80, 'DBT', 4854.05, 42, 43);
   INSERT INTO transaction (txn_id, txn_date, account_id, txn_type_cd, amount, teller_emp_id, execution_branch_id) VALUES (253, '2023-01-20 14:42:00', 203, 'DBT', 2972.18, 82, 49);
   INSERT INTO transaction (txn_id, txn_date, account_id, txn_type_cd, amount, teller_emp_id, execution_branch_id) VALUES (254, '2023-12-24 14:00:00', 91, 'CDT', 2680.08, 68, 19);
   INSERT INTO transaction (txn_id, txn_date, account_id, txn_type_cd, amount, teller_emp_id, execution_branch_id) VALUES (255, '2023-07-23 20:48:00', 78, 'DBT', 4558.11, 41, 39);
   INSERT INTO transaction (txn_id, txn_date, account_id, txn_type_cd, amount, teller_emp_id, execution_branch_id) VALUES (256, '2023-12-24 08:08:00', 152, 'DBT', 4058.25, 93, 41);
   INSERT INTO transaction (txn_id, txn_date, account_id, txn_type_cd, amount, teller_emp_id, execution_branch_id) VALUES (257, '2023-07-10 15:02:00', 249, 'CDT', 2099.4, 46, 48);
   INSERT INTO transaction (txn_id, txn_date, account_id, txn_type_cd, amount, teller_emp_id, execution_branch_id) VALUES (258, '2023-01-28 07:36:00', 27, 'DBT', 4026.44, 30, 27);
   INSERT INTO transaction (txn_id, txn_date, account_id, txn_type_cd, amount, teller_emp_id, execution_branch_id) VALUES (259, '2023-08-12 18:35:00', 46, 'DBT', 2428.92, 1, 4);
   INSERT INTO transaction (txn_id, txn_date, account_id, txn_type_cd, amount, teller_emp_id, execution_branch_id) VALUES (260, '2023-07-11 02:44:00', 160, 'DBT', 3265.55, 61, 25);
   INSERT INTO transaction (txn_id, txn_date, account_id, txn_type_cd, amount, teller_emp_id, execution_branch_id) VALUES (261, '2023-06-06 09:23:00', 165, 'CDT', 3626.17, 75, 21);
   INSERT INTO transaction (txn_id, txn_date, account_id, txn_type_cd, amount, teller_emp_id, execution_branch_id) VALUES (262, '2023-07-29 17:16:00', 183, 'DBT', 2084.33, 12, 19);
   INSERT INTO transaction (txn_id, txn_date, account_id, txn_type_cd, amount, teller_emp_id, execution_branch_id) VALUES (263, '2023-10-28 03:45:00', 92, 'DBT', 4207.19, 37, 2);
   INSERT INTO transaction (txn_id, txn_date, account_id, txn_type_cd, amount, teller_emp_id, execution_branch_id) VALUES (264, '2023-01-09 04:19:00', 74, 'CDT', 4285.46, 96, 15);
   INSERT INTO transaction (txn_id, txn_date, account_id, txn_type_cd, amount, teller_emp_id, execution_branch_id) VALUES (265, '2023-07-22 17:32:00', 185, 'DBT', 135.31, 56, 13);
   INSERT INTO transaction (txn_id, txn_date, account_id, txn_type_cd, amount, teller_emp_id, execution_branch_id) VALUES (266, '2023-05-22 14:09:00', 86, 'DBT', 3575.01, 3, 33);
   INSERT INTO transaction (txn_id, txn_date, account_id, txn_type_cd, amount, teller_emp_id, execution_branch_id) VALUES (267, '2023-11-10 14:51:00', 245, 'DBT', 1933.37, 21, 40);
   INSERT INTO transaction (txn_id, txn_date, account_id, txn_type_cd, amount, teller_emp_id, execution_branch_id) VALUES (268, '2023-12-20 01:02:00', 225, 'DBT', 1188.08, 22, 18);
   INSERT INTO transaction (txn_id, txn_date, account_id, txn_type_cd, amount, teller_emp_id, execution_branch_id) VALUES (269, '2023-08-31 17:19:00', 152, 'DBT', 4338.63, 65, 29);
   INSERT INTO transaction (txn_id, txn_date, account_id, txn_type_cd, amount, teller_emp_id, execution_branch_id) VALUES (270, '2023-03-08 19:27:00', 238, 'DBT', 1108.52, 37, 4);
   INSERT INTO transaction (txn_id, txn_date, account_id, txn_type_cd, amount, teller_emp_id, execution_branch_id) VALUES (271, '2023-09-30 22:49:00', 105, 'CDT', 1282.66, 83, 49);
   INSERT INTO transaction (txn_id, txn_date, account_id, txn_type_cd, amount, teller_emp_id, execution_branch_id) VALUES (272, '2023-05-13 18:19:00', 158, 'DBT', 1757.22, 72, 3);
   INSERT INTO transaction (txn_id, txn_date, account_id, txn_type_cd, amount, teller_emp_id, execution_branch_id) VALUES (273, '2023-05-03 16:05:00', 233, 'DBT', 1759.59, 100, 15);
   INSERT INTO transaction (txn_id, txn_date, account_id, txn_type_cd, amount, teller_emp_id, execution_branch_id) VALUES (274, '2023-03-13 04:07:00', 18, 'DBT', 4324.22, 30, 41);
   INSERT INTO transaction (txn_id, txn_date, account_id, txn_type_cd, amount, teller_emp_id, execution_branch_id) VALUES (275, '2023-04-04 08:06:00', 96, 'CDT', 3178.2, 6, 12);
   INSERT INTO transaction (txn_id, txn_date, account_id, txn_type_cd, amount, teller_emp_id, execution_branch_id) VALUES (276, '2023-05-01 15:55:00', 144, 'CDT', 794.56, 98, 3);
   INSERT INTO transaction (txn_id, txn_date, account_id, txn_type_cd, amount, teller_emp_id, execution_branch_id) VALUES (277, '2023-11-11 18:01:00', 224, 'DBT', 545.96, 47, 21);
   INSERT INTO transaction (txn_id, txn_date, account_id, txn_type_cd, amount, teller_emp_id, execution_branch_id) VALUES (278, '2023-10-25 16:37:00', 126, 'DBT', 3803.78, 29, 2);
   INSERT INTO transaction (txn_id, txn_date, account_id, txn_type_cd, amount, teller_emp_id, execution_branch_id) VALUES (279, '2023-12-11 14:30:00', 1, 'DBT', 3054.08, 7, 8);
   INSERT INTO transaction (txn_id, txn_date, account_id, txn_type_cd, amount, teller_emp_id, execution_branch_id) VALUES (280, '2023-09-14 05:07:00', 225, 'CDT', 182.92, 83, 44);
   INSERT INTO transaction (txn_id, txn_date, account_id, txn_type_cd, amount, teller_emp_id, execution_branch_id) VALUES (281, '2023-05-02 03:37:00', 193, 'CDT', 1392.85, 23, 36);
   INSERT INTO transaction (txn_id, txn_date, account_id, txn_type_cd, amount, teller_emp_id, execution_branch_id) VALUES (282, '2023-10-26 14:22:00', 53, 'CDT', 4719.34, 3, 9);
   INSERT INTO transaction (txn_id, txn_date, account_id, txn_type_cd, amount, teller_emp_id, execution_branch_id) VALUES (283, '2023-10-20 12:18:00', 104, 'CDT', 2582.32, 60, 37);
   INSERT INTO transaction (txn_id, txn_date, account_id, txn_type_cd, amount, teller_emp_id, execution_branch_id) VALUES (284, '2023-03-26 07:52:00', 12, 'CDT', 2489.19, 36, 38);
   INSERT INTO transaction (txn_id, txn_date, account_id, txn_type_cd, amount, teller_emp_id, execution_branch_id) VALUES (285, '2023-07-14 20:05:00', 209, 'CDT', 2524.44, 55, 1);
   INSERT INTO transaction (txn_id, txn_date, account_id, txn_type_cd, amount, teller_emp_id, execution_branch_id) VALUES (286, '2023-01-06 00:04:00', 135, 'DBT', 3841.58, 34, 40);
   INSERT INTO transaction (txn_id, txn_date, account_id, txn_type_cd, amount, teller_emp_id, execution_branch_id) VALUES (287, '2023-02-04 16:41:00', 38, 'CDT', 4320.39, 49, 46);
   INSERT INTO transaction (txn_id, txn_date, account_id, txn_type_cd, amount, teller_emp_id, execution_branch_id) VALUES (288, '2023-10-26 21:37:00', 150, 'CDT', 4132.03, 98, 5);
   INSERT INTO transaction (txn_id, txn_date, account_id, txn_type_cd, amount, teller_emp_id, execution_branch_id) VALUES (289, '2023-09-18 14:56:00', 232, 'CDT', 399.77, 14, 49);
   INSERT INTO transaction (txn_id, txn_date, account_id, txn_type_cd, amount, teller_emp_id, execution_branch_id) VALUES (290, '2023-12-13 21:42:00', 31, 'DBT', 24.13, 95, 30);
   INSERT INTO transaction (txn_id, txn_date, account_id, txn_type_cd, amount, teller_emp_id, execution_branch_id) VALUES (291, '2023-04-14 12:43:00', 50, 'DBT', 3459.1, 92, 47);
   INSERT INTO transaction (txn_id, txn_date, account_id, txn_type_cd, amount, teller_emp_id, execution_branch_id) VALUES (292, '2023-11-06 09:35:00', 131, 'DBT', 4550.08, 65, 49);
   INSERT INTO transaction (txn_id, txn_date, account_id, txn_type_cd, amount, teller_emp_id, execution_branch_id) VALUES (293, '2023-07-06 12:36:00', 95, 'CDT', 4003.2, 26, 33);
   INSERT INTO transaction (txn_id, txn_date, account_id, txn_type_cd, amount, teller_emp_id, execution_branch_id) VALUES (294, '2023-02-01 05:22:00', 231, 'CDT', 1609.93, 93, 34);
   INSERT INTO transaction (txn_id, txn_date, account_id, txn_type_cd, amount, teller_emp_id, execution_branch_id) VALUES (295, '2023-05-31 15:32:00', 150, 'CDT', 3319.21, 48, 49);
   INSERT INTO transaction (txn_id, txn_date, account_id, txn_type_cd, amount, teller_emp_id, execution_branch_id) VALUES (296, '2023-10-07 02:08:00', 181, 'CDT', 2307.37, 53, 42);
   INSERT INTO transaction (txn_id, txn_date, account_id, txn_type_cd, amount, teller_emp_id, execution_branch_id) VALUES (297, '2023-02-16 04:41:00', 89, 'DBT', 1728.73, 5, 39);
   INSERT INTO transaction (txn_id, txn_date, account_id, txn_type_cd, amount, teller_emp_id, execution_branch_id) VALUES (298, '2023-04-29 13:52:00', 16, 'DBT', 2078.65, 48, 17);
   INSERT INTO transaction (txn_id, txn_date, account_id, txn_type_cd, amount, teller_emp_id, execution_branch_id) VALUES (299, '2023-03-01 12:36:00', 90, 'CDT', 3755.41, 28, 19);
   INSERT INTO transaction (txn_id, txn_date, account_id, txn_type_cd, amount, teller_emp_id, execution_branch_id) VALUES (300, '2023-04-06 12:06:00', 219, 'CDT', 140.63, 13, 42);
   INSERT INTO transaction (txn_id, txn_date, account_id, txn_type_cd, amount, teller_emp_id, execution_branch_id) VALUES (301, '2023-10-27 07:58:00', 79, 'DBT', 545.1, 61, 35);
   INSERT INTO transaction (txn_id, txn_date, account_id, txn_type_cd, amount, teller_emp_id, execution_branch_id) VALUES (302, '2023-03-05 06:14:00', 171, 'CDT', 4483.55, 12, 46);
   INSERT INTO transaction (txn_id, txn_date, account_id, txn_type_cd, amount, teller_emp_id, execution_branch_id) VALUES (303, '2023-03-19 07:35:00', 92, 'DBT', 1314.67, 11, 42);
   INSERT INTO transaction (txn_id, txn_date, account_id, txn_type_cd, amount, teller_emp_id, execution_branch_id) VALUES (304, '2023-06-25 07:50:00', 47, 'DBT', 622.77, 35, 42);
   INSERT INTO transaction (txn_id, txn_date, account_id, txn_type_cd, amount, teller_emp_id, execution_branch_id) VALUES (305, '2023-09-25 18:26:00', 134, 'CDT', 2156.83, 8, 31);
   INSERT INTO transaction (txn_id, txn_date, account_id, txn_type_cd, amount, teller_emp_id, execution_branch_id) VALUES (306, '2023-07-12 06:02:00', 118, 'DBT', 2955.31, 12, 13);
   INSERT INTO transaction (txn_id, txn_date, account_id, txn_type_cd, amount, teller_emp_id, execution_branch_id) VALUES (307, '2023-02-10 11:40:00', 225, 'DBT', 1013.69, 32, 41);
   INSERT INTO transaction (txn_id, txn_date, account_id, txn_type_cd, amount, teller_emp_id, execution_branch_id) VALUES (308, '2023-04-30 12:30:00', 155, 'CDT', 2669.78, 64, 42);
   INSERT INTO transaction (txn_id, txn_date, account_id, txn_type_cd, amount, teller_emp_id, execution_branch_id) VALUES (309, '2023-12-23 11:23:00', 223, 'DBT', 3997.18, 90, 50);
   INSERT INTO transaction (txn_id, txn_date, account_id, txn_type_cd, amount, teller_emp_id, execution_branch_id) VALUES (310, '2023-10-31 05:38:00', 85, 'DBT', 2555.69, 69, 28);
   INSERT INTO transaction (txn_id, txn_date, account_id, txn_type_cd, amount, teller_emp_id, execution_branch_id) VALUES (311, '2023-03-27 19:38:00', 63, 'CDT', 743.39, 9, 46);
   INSERT INTO transaction (txn_id, txn_date, account_id, txn_type_cd, amount, teller_emp_id, execution_branch_id) VALUES (312, '2023-04-27 13:02:00', 127, 'DBT', 1570.34, 67, 49);
   INSERT INTO transaction (txn_id, txn_date, account_id, txn_type_cd, amount, teller_emp_id, execution_branch_id) VALUES (313, '2023-12-09 16:41:00', 65, 'DBT', 1648.73, 73, 36);
   INSERT INTO transaction (txn_id, txn_date, account_id, txn_type_cd, amount, teller_emp_id, execution_branch_id) VALUES (314, '2023-11-08 05:05:00', 116, 'DBT', 2168.37, 41, 6);
   INSERT INTO transaction (txn_id, txn_date, account_id, txn_type_cd, amount, teller_emp_id, execution_branch_id) VALUES (315, '2023-10-12 16:09:00', 88, 'DBT', 1106.53, 68, 28);
   INSERT INTO transaction (txn_id, txn_date, account_id, txn_type_cd, amount, teller_emp_id, execution_branch_id) VALUES (316, '2023-12-19 18:47:00', 40, 'DBT', 2292.33, 72, 19);
   INSERT INTO transaction (txn_id, txn_date, account_id, txn_type_cd, amount, teller_emp_id, execution_branch_id) VALUES (317, '2023-09-05 17:49:00', 44, 'CDT', 3042.65, 95, 2);
   INSERT INTO transaction (txn_id, txn_date, account_id, txn_type_cd, amount, teller_emp_id, execution_branch_id) VALUES (318, '2023-03-02 23:14:00', 81, 'CDT', 2677.5, 55, 45);
   INSERT INTO transaction (txn_id, txn_date, account_id, txn_type_cd, amount, teller_emp_id, execution_branch_id) VALUES (319, '2023-03-26 15:25:00', 197, 'DBT', 1761.27, 36, 22);
   INSERT INTO transaction (txn_id, txn_date, account_id, txn_type_cd, amount, teller_emp_id, execution_branch_id) VALUES (320, '2023-06-30 21:37:00', 77, 'CDT', 4158.89, 15, 46);
   INSERT INTO transaction (txn_id, txn_date, account_id, txn_type_cd, amount, teller_emp_id, execution_branch_id) VALUES (321, '2023-09-03 00:46:00', 152, 'CDT', 3693.72, 43, 20);
   INSERT INTO transaction (txn_id, txn_date, account_id, txn_type_cd, amount, teller_emp_id, execution_branch_id) VALUES (322, '2023-04-20 02:08:00', 205, 'CDT', 4130.97, 62, 44);
   INSERT INTO transaction (txn_id, txn_date, account_id, txn_type_cd, amount, teller_emp_id, execution_branch_id) VALUES (323, '2023-09-11 02:31:00', 60, 'DBT', 493.93, 43, 33);
   INSERT INTO transaction (txn_id, txn_date, account_id, txn_type_cd, amount, teller_emp_id, execution_branch_id) VALUES (324, '2023-10-29 06:49:00', 213, 'CDT', 592.3, 46, 16);
   INSERT INTO transaction (txn_id, txn_date, account_id, txn_type_cd, amount, teller_emp_id, execution_branch_id) VALUES (325, '2023-06-28 06:47:00', 65, 'DBT', 2040.0, 75, 34);
   INSERT INTO transaction (txn_id, txn_date, account_id, txn_type_cd, amount, teller_emp_id, execution_branch_id) VALUES (326, '2023-12-21 03:46:00', 25, 'DBT', 1473.65, 92, 30);
   INSERT INTO transaction (txn_id, txn_date, account_id, txn_type_cd, amount, teller_emp_id, execution_branch_id) VALUES (327, '2023-01-22 15:16:00', 96, 'DBT', 399.5, 7, 28);
   INSERT INTO transaction (txn_id, txn_date, account_id, txn_type_cd, amount, teller_emp_id, execution_branch_id) VALUES (328, '2023-07-17 08:45:00', 128, 'DBT', 1494.98, 72, 27);
   INSERT INTO transaction (txn_id, txn_date, account_id, txn_type_cd, amount, teller_emp_id, execution_branch_id) VALUES (329, '2023-08-02 14:29:00', 73, 'CDT', 591.56, 3, 18);
   INSERT INTO transaction (txn_id, txn_date, account_id, txn_type_cd, amount, teller_emp_id, execution_branch_id) VALUES (330, '2023-10-25 19:00:00', 125, 'DBT', 4085.73, 83, 27);
   INSERT INTO transaction (txn_id, txn_date, account_id, txn_type_cd, amount, teller_emp_id, execution_branch_id) VALUES (331, '2023-11-23 21:09:00', 105, 'CDT', 2422.04, 39, 7);
   INSERT INTO transaction (txn_id, txn_date, account_id, txn_type_cd, amount, teller_emp_id, execution_branch_id) VALUES (332, '2023-02-11 02:40:00', 92, 'DBT', 1048.66, 82, 46);
   INSERT INTO transaction (txn_id, txn_date, account_id, txn_type_cd, amount, teller_emp_id, execution_branch_id) VALUES (333, '2023-08-09 05:34:00', 218, 'CDT', 4828.64, 76, 39);
   INSERT INTO transaction (txn_id, txn_date, account_id, txn_type_cd, amount, teller_emp_id, execution_branch_id) VALUES (334, '2023-01-26 17:58:00', 30, 'DBT', 2449.17, 70, 3);
   INSERT INTO transaction (txn_id, txn_date, account_id, txn_type_cd, amount, teller_emp_id, execution_branch_id) VALUES (335, '2023-05-02 18:30:00', 76, 'CDT', 1483.17, 44, 10);
   INSERT INTO transaction (txn_id, txn_date, account_id, txn_type_cd, amount, teller_emp_id, execution_branch_id) VALUES (336, '2023-08-15 00:28:00', 153, 'DBT', 1076.17, 5, 38);
   INSERT INTO transaction (txn_id, txn_date, account_id, txn_type_cd, amount, teller_emp_id, execution_branch_id) VALUES (337, '2023-01-17 21:19:00', 147, 'CDT', 721.95, 35, 28);
   INSERT INTO transaction (txn_id, txn_date, account_id, txn_type_cd, amount, teller_emp_id, execution_branch_id) VALUES (338, '2023-12-08 03:34:00', 58, 'DBT', 687.75, 63, 22);
   INSERT INTO transaction (txn_id, txn_date, account_id, txn_type_cd, amount, teller_emp_id, execution_branch_id) VALUES (339, '2023-03-16 07:50:00', 142, 'CDT', 927.07, 16, 21);
   INSERT INTO transaction (txn_id, txn_date, account_id, txn_type_cd, amount, teller_emp_id, execution_branch_id) VALUES (340, '2023-10-24 15:58:00', 5, 'DBT', 313.0, 71, 33);
   INSERT INTO transaction (txn_id, txn_date, account_id, txn_type_cd, amount, teller_emp_id, execution_branch_id) VALUES (341, '2023-03-12 07:52:00', 221, 'CDT', 1890.09, 63, 9);
   INSERT INTO transaction (txn_id, txn_date, account_id, txn_type_cd, amount, teller_emp_id, execution_branch_id) VALUES (342, '2023-01-18 18:32:00', 95, 'CDT', 2805.59, 18, 37);
   INSERT INTO transaction (txn_id, txn_date, account_id, txn_type_cd, amount, teller_emp_id, execution_branch_id) VALUES (343, '2023-03-14 18:59:00', 240, 'CDT', 2481.7, 57, 29);
   INSERT INTO transaction (txn_id, txn_date, account_id, txn_type_cd, amount, teller_emp_id, execution_branch_id) VALUES (344, '2023-12-26 06:11:00', 225, 'DBT', 1885.52, 1, 21);
   INSERT INTO transaction (txn_id, txn_date, account_id, txn_type_cd, amount, teller_emp_id, execution_branch_id) VALUES (345, '2023-01-22 08:05:00', 122, 'CDT', 3802.26, 36, 22);
   INSERT INTO transaction (txn_id, txn_date, account_id, txn_type_cd, amount, teller_emp_id, execution_branch_id) VALUES (346, '2023-08-17 22:37:00', 141, 'CDT', 4160.46, 63, 16);
   INSERT INTO transaction (txn_id, txn_date, account_id, txn_type_cd, amount, teller_emp_id, execution_branch_id) VALUES (347, '2023-08-21 08:44:00', 116, 'DBT', 3229.85, 29, 14);
   INSERT INTO transaction (txn_id, txn_date, account_id, txn_type_cd, amount, teller_emp_id, execution_branch_id) VALUES (348, '2023-02-17 03:08:00', 250, 'CDT', 3028.47, 89, 28);
   INSERT INTO transaction (txn_id, txn_date, account_id, txn_type_cd, amount, teller_emp_id, execution_branch_id) VALUES (349, '2023-03-19 21:21:00', 104, 'CDT', 4191.98, 80, 12);
   INSERT INTO transaction (txn_id, txn_date, account_id, txn_type_cd, amount, teller_emp_id, execution_branch_id) VALUES (350, '2023-07-22 02:10:00', 43, 'DBT', 1357.54, 63, 33);
   INSERT INTO transaction (txn_id, txn_date, account_id, txn_type_cd, amount, teller_emp_id, execution_branch_id) VALUES (351, '2023-10-26 02:40:00', 152, 'DBT', 4859.77, 38, 50);
   INSERT INTO transaction (txn_id, txn_date, account_id, txn_type_cd, amount, teller_emp_id, execution_branch_id) VALUES (352, '2023-11-04 02:30:00', 147, 'CDT', 4113.16, 31, 10);
   INSERT INTO transaction (txn_id, txn_date, account_id, txn_type_cd, amount, teller_emp_id, execution_branch_id) VALUES (353, '2023-05-10 16:53:00', 144, 'DBT', 2928.56, 95, 15);
   INSERT INTO transaction (txn_id, txn_date, account_id, txn_type_cd, amount, teller_emp_id, execution_branch_id) VALUES (354, '2023-12-02 20:17:00', 57, 'CDT', 4542.49, 15, 30);
   INSERT INTO transaction (txn_id, txn_date, account_id, txn_type_cd, amount, teller_emp_id, execution_branch_id) VALUES (355, '2023-12-16 16:04:00', 8, 'CDT', 252.47, 79, 13);
   INSERT INTO transaction (txn_id, txn_date, account_id, txn_type_cd, amount, teller_emp_id, execution_branch_id) VALUES (356, '2023-01-28 09:48:00', 49, 'DBT', 3145.87, 41, 18);
   INSERT INTO transaction (txn_id, txn_date, account_id, txn_type_cd, amount, teller_emp_id, execution_branch_id) VALUES (357, '2023-04-19 11:12:00', 119, 'DBT', 2139.05, 83, 19);
   INSERT INTO transaction (txn_id, txn_date, account_id, txn_type_cd, amount, teller_emp_id, execution_branch_id) VALUES (358, '2023-02-21 05:56:00', 104, 'DBT', 73.4, 65, 19);
   INSERT INTO transaction (txn_id, txn_date, account_id, txn_type_cd, amount, teller_emp_id, execution_branch_id) VALUES (359, '2023-04-27 08:21:00', 168, 'DBT', 886.63, 16, 16);
   INSERT INTO transaction (txn_id, txn_date, account_id, txn_type_cd, amount, teller_emp_id, execution_branch_id) VALUES (360, '2023-07-13 21:06:00', 98, 'CDT', 493.49, 76, 49);
   INSERT INTO transaction (txn_id, txn_date, account_id, txn_type_cd, amount, teller_emp_id, execution_branch_id) VALUES (361, '2023-03-16 07:59:00', 166, 'CDT', 120.01, 3, 27);
   INSERT INTO transaction (txn_id, txn_date, account_id, txn_type_cd, amount, teller_emp_id, execution_branch_id) VALUES (362, '2023-12-14 05:26:00', 182, 'CDT', 2614.21, 46, 34);
   INSERT INTO transaction (txn_id, txn_date, account_id, txn_type_cd, amount, teller_emp_id, execution_branch_id) VALUES (363, '2023-07-14 08:32:00', 155, 'DBT', 3027.73, 2, 48);
   INSERT INTO transaction (txn_id, txn_date, account_id, txn_type_cd, amount, teller_emp_id, execution_branch_id) VALUES (364, '2023-01-31 08:25:00', 192, 'DBT', 2923.69, 75, 37);
   INSERT INTO transaction (txn_id, txn_date, account_id, txn_type_cd, amount, teller_emp_id, execution_branch_id) VALUES (365, '2023-02-21 03:01:00', 113, 'CDT', 2528.43, 43, 36);
   INSERT INTO transaction (txn_id, txn_date, account_id, txn_type_cd, amount, teller_emp_id, execution_branch_id) VALUES (366, '2023-04-04 10:21:00', 194, 'DBT', 4241.75, 92, 21);
   INSERT INTO transaction (txn_id, txn_date, account_id, txn_type_cd, amount, teller_emp_id, execution_branch_id) VALUES (367, '2023-11-27 18:20:00', 178, 'DBT', 3929.67, 83, 9);
   INSERT INTO transaction (txn_id, txn_date, account_id, txn_type_cd, amount, teller_emp_id, execution_branch_id) VALUES (368, '2023-05-10 01:49:00', 132, 'DBT', 2762.72, 1, 47);
   INSERT INTO transaction (txn_id, txn_date, account_id, txn_type_cd, amount, teller_emp_id, execution_branch_id) VALUES (369, '2023-02-06 04:29:00', 227, 'CDT', 3206.38, 18, 9);
   INSERT INTO transaction (txn_id, txn_date, account_id, txn_type_cd, amount, teller_emp_id, execution_branch_id) VALUES (370, '2023-04-05 01:37:00', 142, 'CDT', 3394.88, 84, 16);
   INSERT INTO transaction (txn_id, txn_date, account_id, txn_type_cd, amount, teller_emp_id, execution_branch_id) VALUES (371, '2023-05-10 13:29:00', 24, 'DBT', 1936.4, 21, 36);
   INSERT INTO transaction (txn_id, txn_date, account_id, txn_type_cd, amount, teller_emp_id, execution_branch_id) VALUES (372, '2023-07-12 20:36:00', 183, 'DBT', 2877.63, 91, 40);
   INSERT INTO transaction (txn_id, txn_date, account_id, txn_type_cd, amount, teller_emp_id, execution_branch_id) VALUES (373, '2023-06-27 16:44:00', 143, 'CDT', 1229.03, 22, 25);
   INSERT INTO transaction (txn_id, txn_date, account_id, txn_type_cd, amount, teller_emp_id, execution_branch_id) VALUES (374, '2023-08-16 15:11:00', 185, 'DBT', 917.59, 1, 2);
   INSERT INTO transaction (txn_id, txn_date, account_id, txn_type_cd, amount, teller_emp_id, execution_branch_id) VALUES (375, '2023-05-07 06:19:00', 227, 'DBT', 4090.33, 14, 9);
   INSERT INTO transaction (txn_id, txn_date, account_id, txn_type_cd, amount, teller_emp_id, execution_branch_id) VALUES (376, '2023-05-29 00:11:00', 91, 'DBT', 660.91, 36, 9);
   INSERT INTO transaction (txn_id, txn_date, account_id, txn_type_cd, amount, teller_emp_id, execution_branch_id) VALUES (377, '2023-02-09 01:29:00', 66, 'CDT', 4838.16, 63, 2);
   INSERT INTO transaction (txn_id, txn_date, account_id, txn_type_cd, amount, teller_emp_id, execution_branch_id) VALUES (378, '2023-08-21 16:43:00', 99, 'CDT', 2687.14, 65, 9);
   INSERT INTO transaction (txn_id, txn_date, account_id, txn_type_cd, amount, teller_emp_id, execution_branch_id) VALUES (379, '2023-02-27 01:24:00', 62, 'DBT', 835.84, 92, 25);
   INSERT INTO transaction (txn_id, txn_date, account_id, txn_type_cd, amount, teller_emp_id, execution_branch_id) VALUES (380, '2023-02-27 07:50:00', 205, 'DBT', 2489.56, 12, 12);
   INSERT INTO transaction (txn_id, txn_date, account_id, txn_type_cd, amount, teller_emp_id, execution_branch_id) VALUES (381, '2023-12-01 12:31:00', 173, 'CDT', 4919.03, 66, 7);
   INSERT INTO transaction (txn_id, txn_date, account_id, txn_type_cd, amount, teller_emp_id, execution_branch_id) VALUES (382, '2023-06-14 20:45:00', 153, 'DBT', 1248.08, 42, 7);
   INSERT INTO transaction (txn_id, txn_date, account_id, txn_type_cd, amount, teller_emp_id, execution_branch_id) VALUES (383, '2023-04-18 00:55:00', 225, 'DBT', 789.62, 62, 38);
   INSERT INTO transaction (txn_id, txn_date, account_id, txn_type_cd, amount, teller_emp_id, execution_branch_id) VALUES (384, '2023-02-23 10:37:00', 108, 'DBT', 209.55, 85, 27);
   INSERT INTO transaction (txn_id, txn_date, account_id, txn_type_cd, amount, teller_emp_id, execution_branch_id) VALUES (385, '2023-04-16 08:08:00', 189, 'DBT', 3799.83, 2, 47);
   INSERT INTO transaction (txn_id, txn_date, account_id, txn_type_cd, amount, teller_emp_id, execution_branch_id) VALUES (386, '2023-08-04 09:10:00', 158, 'DBT', 4110.15, 82, 29);
   INSERT INTO transaction (txn_id, txn_date, account_id, txn_type_cd, amount, teller_emp_id, execution_branch_id) VALUES (387, '2023-05-04 13:31:00', 7, 'CDT', 31.97, 94, 9);
   INSERT INTO transaction (txn_id, txn_date, account_id, txn_type_cd, amount, teller_emp_id, execution_branch_id) VALUES (388, '2023-08-21 08:50:00', 217, 'CDT', 1936.56, 3, 8);
   INSERT INTO transaction (txn_id, txn_date, account_id, txn_type_cd, amount, teller_emp_id, execution_branch_id) VALUES (389, '2023-11-30 22:23:00', 189, 'CDT', 263.22, 39, 43);
   INSERT INTO transaction (txn_id, txn_date, account_id, txn_type_cd, amount, teller_emp_id, execution_branch_id) VALUES (390, '2023-03-17 08:44:00', 111, 'DBT', 4559.83, 18, 44);
   INSERT INTO transaction (txn_id, txn_date, account_id, txn_type_cd, amount, teller_emp_id, execution_branch_id) VALUES (391, '2023-07-24 08:33:00', 18, 'DBT', 2188.96, 61, 27);
   INSERT INTO transaction (txn_id, txn_date, account_id, txn_type_cd, amount, teller_emp_id, execution_branch_id) VALUES (392, '2023-08-12 16:23:00', 199, 'CDT', 2998.31, 60, 9);
   INSERT INTO transaction (txn_id, txn_date, account_id, txn_type_cd, amount, teller_emp_id, execution_branch_id) VALUES (393, '2023-03-20 18:41:00', 82, 'DBT', 3076.75, 80, 49);
   INSERT INTO transaction (txn_id, txn_date, account_id, txn_type_cd, amount, teller_emp_id, execution_branch_id) VALUES (394, '2023-07-11 17:03:00', 11, 'DBT', 4070.97, 78, 28);
   INSERT INTO transaction (txn_id, txn_date, account_id, txn_type_cd, amount, teller_emp_id, execution_branch_id) VALUES (395, '2023-11-01 03:00:00', 103, 'CDT', 4072.24, 79, 15);
   INSERT INTO transaction (txn_id, txn_date, account_id, txn_type_cd, amount, teller_emp_id, execution_branch_id) VALUES (396, '2023-07-14 22:45:00', 73, 'CDT', 4865.55, 43, 31);
   INSERT INTO transaction (txn_id, txn_date, account_id, txn_type_cd, amount, teller_emp_id, execution_branch_id) VALUES (397, '2023-11-02 02:33:00', 109, 'CDT', 2872.41, 75, 46);
   INSERT INTO transaction (txn_id, txn_date, account_id, txn_type_cd, amount, teller_emp_id, execution_branch_id) VALUES (398, '2023-11-08 00:25:00', 49, 'CDT', 365.28, 15, 36);
   INSERT INTO transaction (txn_id, txn_date, account_id, txn_type_cd, amount, teller_emp_id, execution_branch_id) VALUES (399, '2023-11-13 18:21:00', 195, 'CDT', 3139.65, 45, 45);
   INSERT INTO transaction (txn_id, txn_date, account_id, txn_type_cd, amount, teller_emp_id, execution_branch_id) VALUES (400, '2023-11-10 01:53:00', 101, 'DBT', 2327.6, 94, 9);
   INSERT INTO transaction (txn_id, txn_date, account_id, txn_type_cd, amount, teller_emp_id, execution_branch_id) VALUES (401, '2023-05-28 16:17:00', 43, 'DBT', 533.45, 1, 6);
   INSERT INTO transaction (txn_id, txn_date, account_id, txn_type_cd, amount, teller_emp_id, execution_branch_id) VALUES (402, '2023-07-26 21:31:00', 39, 'DBT', 13.19, 28, 25);
   INSERT INTO transaction (txn_id, txn_date, account_id, txn_type_cd, amount, teller_emp_id, execution_branch_id) VALUES (403, '2023-04-28 06:14:00', 24, 'CDT', 3260.17, 61, 40);
   INSERT INTO transaction (txn_id, txn_date, account_id, txn_type_cd, amount, teller_emp_id, execution_branch_id) VALUES (404, '2023-09-15 17:09:00', 238, 'DBT', 4112.78, 43, 31);
   INSERT INTO transaction (txn_id, txn_date, account_id, txn_type_cd, amount, teller_emp_id, execution_branch_id) VALUES (405, '2023-10-01 17:26:00', 128, 'DBT', 4991.94, 10, 14);
   INSERT INTO transaction (txn_id, txn_date, account_id, txn_type_cd, amount, teller_emp_id, execution_branch_id) VALUES (406, '2023-12-17 01:47:00', 89, 'CDT', 3831.95, 73, 48);
   INSERT INTO transaction (txn_id, txn_date, account_id, txn_type_cd, amount, teller_emp_id, execution_branch_id) VALUES (407, '2023-03-21 06:55:00', 155, 'DBT', 591.67, 80, 47);
   INSERT INTO transaction (txn_id, txn_date, account_id, txn_type_cd, amount, teller_emp_id, execution_branch_id) VALUES (408, '2023-07-11 07:23:00', 157, 'DBT', 4872.01, 61, 37);
   INSERT INTO transaction (txn_id, txn_date, account_id, txn_type_cd, amount, teller_emp_id, execution_branch_id) VALUES (409, '2023-05-01 20:41:00', 104, 'CDT', 3678.18, 36, 44);
   INSERT INTO transaction (txn_id, txn_date, account_id, txn_type_cd, amount, teller_emp_id, execution_branch_id) VALUES (410, '2023-02-06 13:15:00', 158, 'DBT', 2811.74, 99, 8);
   INSERT INTO transaction (txn_id, txn_date, account_id, txn_type_cd, amount, teller_emp_id, execution_branch_id) VALUES (411, '2023-01-23 21:31:00', 62, 'DBT', 702.44, 76, 49);
   INSERT INTO transaction (txn_id, txn_date, account_id, txn_type_cd, amount, teller_emp_id, execution_branch_id) VALUES (412, '2023-05-25 06:03:00', 145, 'CDT', 2075.9, 97, 5);
   INSERT INTO transaction (txn_id, txn_date, account_id, txn_type_cd, amount, teller_emp_id, execution_branch_id) VALUES (413, '2023-05-07 21:56:00', 73, 'DBT', 1943.69, 59, 3);
   INSERT INTO transaction (txn_id, txn_date, account_id, txn_type_cd, amount, teller_emp_id, execution_branch_id) VALUES (414, '2023-07-27 17:12:00', 200, 'CDT', 215.67, 50, 3);
   INSERT INTO transaction (txn_id, txn_date, account_id, txn_type_cd, amount, teller_emp_id, execution_branch_id) VALUES (415, '2023-05-20 18:27:00', 159, 'CDT', 1095.23, 15, 34);
   INSERT INTO transaction (txn_id, txn_date, account_id, txn_type_cd, amount, teller_emp_id, execution_branch_id) VALUES (416, '2023-10-04 00:35:00', 104, 'CDT', 1687.01, 84, 26);
   INSERT INTO transaction (txn_id, txn_date, account_id, txn_type_cd, amount, teller_emp_id, execution_branch_id) VALUES (417, '2023-12-10 18:44:00', 224, 'DBT', 2648.4, 36, 40);
   INSERT INTO transaction (txn_id, txn_date, account_id, txn_type_cd, amount, teller_emp_id, execution_branch_id) VALUES (418, '2023-05-16 09:37:00', 69, 'DBT', 3975.9, 20, 5);
   INSERT INTO transaction (txn_id, txn_date, account_id, txn_type_cd, amount, teller_emp_id, execution_branch_id) VALUES (419, '2023-05-09 14:11:00', 245, 'DBT', 3635.51, 46, 15);
   INSERT INTO transaction (txn_id, txn_date, account_id, txn_type_cd, amount, teller_emp_id, execution_branch_id) VALUES (420, '2023-07-01 11:06:00', 99, 'CDT', 419.22, 8, 4);
   INSERT INTO transaction (txn_id, txn_date, account_id, txn_type_cd, amount, teller_emp_id, execution_branch_id) VALUES (421, '2023-04-01 00:18:00', 169, 'CDT', 1214.78, 56, 43);
   INSERT INTO transaction (txn_id, txn_date, account_id, txn_type_cd, amount, teller_emp_id, execution_branch_id) VALUES (422, '2023-07-10 21:44:00', 246, 'CDT', 1403.2, 97, 35);
   INSERT INTO transaction (txn_id, txn_date, account_id, txn_type_cd, amount, teller_emp_id, execution_branch_id) VALUES (423, '2024-01-01 20:05:00', 142, 'DBT', 2740.21, 9, 2);
   INSERT INTO transaction (txn_id, txn_date, account_id, txn_type_cd, amount, teller_emp_id, execution_branch_id) VALUES (424, '2023-03-11 05:28:00', 184, 'CDT', 1370.37, 32, 23);
   INSERT INTO transaction (txn_id, txn_date, account_id, txn_type_cd, amount, teller_emp_id, execution_branch_id) VALUES (425, '2023-04-04 00:31:00', 171, 'DBT', 1290.89, 68, 18);
   INSERT INTO transaction (txn_id, txn_date, account_id, txn_type_cd, amount, teller_emp_id, execution_branch_id) VALUES (426, '2023-03-06 02:29:00', 59, 'CDT', 3202.92, 44, 49);
   INSERT INTO transaction (txn_id, txn_date, account_id, txn_type_cd, amount, teller_emp_id, execution_branch_id) VALUES (427, '2023-04-09 02:47:00', 208, 'DBT', 1110.64, 57, 27);
   INSERT INTO transaction (txn_id, txn_date, account_id, txn_type_cd, amount, teller_emp_id, execution_branch_id) VALUES (428, '2023-03-07 19:19:00', 19, 'DBT', 361.22, 65, 33);
   INSERT INTO transaction (txn_id, txn_date, account_id, txn_type_cd, amount, teller_emp_id, execution_branch_id) VALUES (429, '2023-08-08 18:52:00', 143, 'CDT', 4069.1, 86, 36);
   INSERT INTO transaction (txn_id, txn_date, account_id, txn_type_cd, amount, teller_emp_id, execution_branch_id) VALUES (430, '2023-04-29 12:08:00', 191, 'DBT', 3272.42, 53, 25);
   INSERT INTO transaction (txn_id, txn_date, account_id, txn_type_cd, amount, teller_emp_id, execution_branch_id) VALUES (431, '2023-10-08 14:12:00', 24, 'CDT', 954.92, 5, 1);
   INSERT INTO transaction (txn_id, txn_date, account_id, txn_type_cd, amount, teller_emp_id, execution_branch_id) VALUES (432, '2023-03-22 00:22:00', 236, 'DBT', 4881.32, 40, 37);
   INSERT INTO transaction (txn_id, txn_date, account_id, txn_type_cd, amount, teller_emp_id, execution_branch_id) VALUES (433, '2023-08-17 01:33:00', 67, 'CDT', 1231.82, 84, 22);
   INSERT INTO transaction (txn_id, txn_date, account_id, txn_type_cd, amount, teller_emp_id, execution_branch_id) VALUES (434, '2023-02-13 05:27:00', 134, 'DBT', 2794.72, 15, 20);
   INSERT INTO transaction (txn_id, txn_date, account_id, txn_type_cd, amount, teller_emp_id, execution_branch_id) VALUES (435, '2023-11-06 05:52:00', 231, 'CDT', 2929.9, 61, 38);
   INSERT INTO transaction (txn_id, txn_date, account_id, txn_type_cd, amount, teller_emp_id, execution_branch_id) VALUES (436, '2023-11-30 22:25:00', 82, 'CDT', 1023.69, 41, 30);
   INSERT INTO transaction (txn_id, txn_date, account_id, txn_type_cd, amount, teller_emp_id, execution_branch_id) VALUES (437, '2023-05-20 05:22:00', 32, 'DBT', 3015.3, 36, 9);
   INSERT INTO transaction (txn_id, txn_date, account_id, txn_type_cd, amount, teller_emp_id, execution_branch_id) VALUES (438, '2023-07-10 05:19:00', 142, 'CDT', 688.83, 17, 30);
   INSERT INTO transaction (txn_id, txn_date, account_id, txn_type_cd, amount, teller_emp_id, execution_branch_id) VALUES (439, '2023-07-01 09:29:00', 73, 'DBT', 1313.8, 57, 15);
   INSERT INTO transaction (txn_id, txn_date, account_id, txn_type_cd, amount, teller_emp_id, execution_branch_id) VALUES (440, '2023-01-28 15:38:00', 163, 'DBT', 3579.59, 56, 48);
   INSERT INTO transaction (txn_id, txn_date, account_id, txn_type_cd, amount, teller_emp_id, execution_branch_id) VALUES (441, '2023-10-18 07:47:00', 51, 'DBT', 2049.9, 85, 41);
   INSERT INTO transaction (txn_id, txn_date, account_id, txn_type_cd, amount, teller_emp_id, execution_branch_id) VALUES (442, '2023-12-06 20:16:00', 242, 'CDT', 3625.81, 42, 29);
   INSERT INTO transaction (txn_id, txn_date, account_id, txn_type_cd, amount, teller_emp_id, execution_branch_id) VALUES (443, '2023-04-03 15:58:00', 157, 'DBT', 2862.95, 33, 12);
   INSERT INTO transaction (txn_id, txn_date, account_id, txn_type_cd, amount, teller_emp_id, execution_branch_id) VALUES (444, '2023-03-09 18:18:00', 248, 'CDT', 1683.94, 95, 50);
   INSERT INTO transaction (txn_id, txn_date, account_id, txn_type_cd, amount, teller_emp_id, execution_branch_id) VALUES (445, '2023-07-28 06:25:00', 50, 'CDT', 1099.71, 48, 23);
   INSERT INTO transaction (txn_id, txn_date, account_id, txn_type_cd, amount, teller_emp_id, execution_branch_id) VALUES (446, '2023-12-23 20:52:00', 152, 'DBT', 4978.59, 62, 21);
   INSERT INTO transaction (txn_id, txn_date, account_id, txn_type_cd, amount, teller_emp_id, execution_branch_id) VALUES (447, '2023-06-09 17:28:00', 194, 'DBT', 329.01, 33, 7);
   INSERT INTO transaction (txn_id, txn_date, account_id, txn_type_cd, amount, teller_emp_id, execution_branch_id) VALUES (448, '2023-12-16 17:19:00', 211, 'DBT', 582.38, 94, 3);
   INSERT INTO transaction (txn_id, txn_date, account_id, txn_type_cd, amount, teller_emp_id, execution_branch_id) VALUES (449, '2023-03-16 10:06:00', 58, 'DBT', 1603.28, 86, 28);
   INSERT INTO transaction (txn_id, txn_date, account_id, txn_type_cd, amount, teller_emp_id, execution_branch_id) VALUES (450, '2023-12-19 08:56:00', 157, 'CDT', 4690.2, 36, 7);
   INSERT INTO transaction (txn_id, txn_date, account_id, txn_type_cd, amount, teller_emp_id, execution_branch_id) VALUES (451, '2023-05-09 08:52:00', 248, 'DBT', 55.0, 25, 19);
   INSERT INTO transaction (txn_id, txn_date, account_id, txn_type_cd, amount, teller_emp_id, execution_branch_id) VALUES (452, '2023-10-26 19:45:00', 116, 'CDT', 950.4, 81, 13);
   INSERT INTO transaction (txn_id, txn_date, account_id, txn_type_cd, amount, teller_emp_id, execution_branch_id) VALUES (453, '2023-11-12 10:03:00', 122, 'DBT', 1707.28, 23, 22);
   INSERT INTO transaction (txn_id, txn_date, account_id, txn_type_cd, amount, teller_emp_id, execution_branch_id) VALUES (454, '2023-04-27 20:08:00', 203, 'DBT', 2181.47, 18, 6);
   INSERT INTO transaction (txn_id, txn_date, account_id, txn_type_cd, amount, teller_emp_id, execution_branch_id) VALUES (455, '2023-02-11 21:48:00', 148, 'DBT', 4420.81, 67, 6);
   INSERT INTO transaction (txn_id, txn_date, account_id, txn_type_cd, amount, teller_emp_id, execution_branch_id) VALUES (456, '2023-05-12 23:56:00', 250, 'CDT', 517.76, 14, 19);
   INSERT INTO transaction (txn_id, txn_date, account_id, txn_type_cd, amount, teller_emp_id, execution_branch_id) VALUES (457, '2023-08-17 18:55:00', 155, 'CDT', 726.9, 56, 25);
   INSERT INTO transaction (txn_id, txn_date, account_id, txn_type_cd, amount, teller_emp_id, execution_branch_id) VALUES (458, '2023-12-02 12:03:00', 128, 'CDT', 1682.05, 39, 35);
   INSERT INTO transaction (txn_id, txn_date, account_id, txn_type_cd, amount, teller_emp_id, execution_branch_id) VALUES (459, '2023-10-30 22:42:00', 214, 'CDT', 651.17, 73, 20);
   INSERT INTO transaction (txn_id, txn_date, account_id, txn_type_cd, amount, teller_emp_id, execution_branch_id) VALUES (460, '2023-12-06 04:31:00', 79, 'DBT', 662.02, 61, 20);
   INSERT INTO transaction (txn_id, txn_date, account_id, txn_type_cd, amount, teller_emp_id, execution_branch_id) VALUES (461, '2023-05-31 15:22:00', 121, 'CDT', 1224.23, 62, 11);
   INSERT INTO transaction (txn_id, txn_date, account_id, txn_type_cd, amount, teller_emp_id, execution_branch_id) VALUES (462, '2023-10-07 01:13:00', 10, 'CDT', 718.24, 92, 48);
   INSERT INTO transaction (txn_id, txn_date, account_id, txn_type_cd, amount, teller_emp_id, execution_branch_id) VALUES (463, '2023-03-15 23:13:00', 249, 'DBT', 832.29, 44, 38);
   INSERT INTO transaction (txn_id, txn_date, account_id, txn_type_cd, amount, teller_emp_id, execution_branch_id) VALUES (464, '2023-01-22 20:57:00', 63, 'CDT', 2007.81, 57, 12);
   INSERT INTO transaction (txn_id, txn_date, account_id, txn_type_cd, amount, teller_emp_id, execution_branch_id) VALUES (465, '2023-08-14 11:39:00', 230, 'DBT', 16.65, 22, 16);
   INSERT INTO transaction (txn_id, txn_date, account_id, txn_type_cd, amount, teller_emp_id, execution_branch_id) VALUES (466, '2023-10-07 01:28:00', 218, 'CDT', 529.3, 25, 6);
   INSERT INTO transaction (txn_id, txn_date, account_id, txn_type_cd, amount, teller_emp_id, execution_branch_id) VALUES (467, '2023-05-28 00:43:00', 130, 'CDT', 3170.77, 18, 1);
   INSERT INTO transaction (txn_id, txn_date, account_id, txn_type_cd, amount, teller_emp_id, execution_branch_id) VALUES (468, '2023-08-06 23:35:00', 26, 'DBT', 3823.47, 95, 29);
   INSERT INTO transaction (txn_id, txn_date, account_id, txn_type_cd, amount, teller_emp_id, execution_branch_id) VALUES (469, '2023-12-23 14:07:00', 159, 'CDT', 812.32, 47, 17);
   INSERT INTO transaction (txn_id, txn_date, account_id, txn_type_cd, amount, teller_emp_id, execution_branch_id) VALUES (470, '2023-11-16 13:53:00', 28, 'DBT', 832.74, 93, 20);
   INSERT INTO transaction (txn_id, txn_date, account_id, txn_type_cd, amount, teller_emp_id, execution_branch_id) VALUES (471, '2023-10-04 07:27:00', 222, 'CDT', 3218.6, 47, 37);
   INSERT INTO transaction (txn_id, txn_date, account_id, txn_type_cd, amount, teller_emp_id, execution_branch_id) VALUES (472, '2023-06-10 13:56:00', 105, 'DBT', 3786.41, 29, 47);
   INSERT INTO transaction (txn_id, txn_date, account_id, txn_type_cd, amount, teller_emp_id, execution_branch_id) VALUES (473, '2023-03-03 22:36:00', 110, 'CDT', 785.71, 26, 9);
   INSERT INTO transaction (txn_id, txn_date, account_id, txn_type_cd, amount, teller_emp_id, execution_branch_id) VALUES (474, '2023-11-01 23:39:00', 161, 'DBT', 1807.75, 6, 30);
   INSERT INTO transaction (txn_id, txn_date, account_id, txn_type_cd, amount, teller_emp_id, execution_branch_id) VALUES (475, '2023-03-09 22:53:00', 229, 'CDT', 3214.91, 68, 22);
   INSERT INTO transaction (txn_id, txn_date, account_id, txn_type_cd, amount, teller_emp_id, execution_branch_id) VALUES (476, '2023-06-28 20:32:00', 7, 'CDT', 1094.72, 54, 24);
   INSERT INTO transaction (txn_id, txn_date, account_id, txn_type_cd, amount, teller_emp_id, execution_branch_id) VALUES (477, '2023-10-29 01:57:00', 120, 'CDT', 2577.24, 81, 15);
   INSERT INTO transaction (txn_id, txn_date, account_id, txn_type_cd, amount, teller_emp_id, execution_branch_id) VALUES (478, '2023-11-23 18:58:00', 113, 'CDT', 1426.24, 52, 35);
   INSERT INTO transaction (txn_id, txn_date, account_id, txn_type_cd, amount, teller_emp_id, execution_branch_id) VALUES (479, '2023-09-06 11:53:00', 176, 'DBT', 1712.49, 13, 18);
   INSERT INTO transaction (txn_id, txn_date, account_id, txn_type_cd, amount, teller_emp_id, execution_branch_id) VALUES (480, '2023-04-26 09:26:00', 127, 'DBT', 4935.84, 97, 21);
   INSERT INTO transaction (txn_id, txn_date, account_id, txn_type_cd, amount, teller_emp_id, execution_branch_id) VALUES (481, '2023-12-18 09:54:00', 170, 'DBT', 3474.09, 23, 5);
   INSERT INTO transaction (txn_id, txn_date, account_id, txn_type_cd, amount, teller_emp_id, execution_branch_id) VALUES (482, '2023-08-04 13:25:00', 76, 'DBT', 4393.42, 76, 23);
   INSERT INTO transaction (txn_id, txn_date, account_id, txn_type_cd, amount, teller_emp_id, execution_branch_id) VALUES (483, '2023-01-09 15:20:00', 15, 'CDT', 3859.62, 2, 41);
   INSERT INTO transaction (txn_id, txn_date, account_id, txn_type_cd, amount, teller_emp_id, execution_branch_id) VALUES (484, '2023-09-27 13:49:00', 141, 'CDT', 435.4, 19, 18);
   INSERT INTO transaction (txn_id, txn_date, account_id, txn_type_cd, amount, teller_emp_id, execution_branch_id) VALUES (485, '2023-10-13 22:24:00', 17, 'DBT', 3491.64, 53, 19);
   INSERT INTO transaction (txn_id, txn_date, account_id, txn_type_cd, amount, teller_emp_id, execution_branch_id) VALUES (486, '2023-04-10 06:05:00', 158, 'CDT', 4020.48, 13, 12);
   INSERT INTO transaction (txn_id, txn_date, account_id, txn_type_cd, amount, teller_emp_id, execution_branch_id) VALUES (487, '2023-04-17 05:09:00', 221, 'DBT', 1544.0, 60, 36);
   INSERT INTO transaction (txn_id, txn_date, account_id, txn_type_cd, amount, teller_emp_id, execution_branch_id) VALUES (488, '2023-03-04 06:09:00', 234, 'CDT', 1929.36, 89, 26);
   INSERT INTO transaction (txn_id, txn_date, account_id, txn_type_cd, amount, teller_emp_id, execution_branch_id) VALUES (489, '2023-11-24 11:50:00', 76, 'DBT', 3248.84, 10, 13);
   INSERT INTO transaction (txn_id, txn_date, account_id, txn_type_cd, amount, teller_emp_id, execution_branch_id) VALUES (490, '2023-09-16 09:22:00', 212, 'CDT', 600.91, 57, 7);
   INSERT INTO transaction (txn_id, txn_date, account_id, txn_type_cd, amount, teller_emp_id, execution_branch_id) VALUES (491, '2023-05-25 11:02:00', 26, 'DBT', 3363.15, 55, 33);
   INSERT INTO transaction (txn_id, txn_date, account_id, txn_type_cd, amount, teller_emp_id, execution_branch_id) VALUES (492, '2023-11-03 07:05:00', 123, 'DBT', 3415.38, 83, 7);
   INSERT INTO transaction (txn_id, txn_date, account_id, txn_type_cd, amount, teller_emp_id, execution_branch_id) VALUES (493, '2023-05-23 00:24:00', 2, 'DBT', 3336.18, 68, 29);
   INSERT INTO transaction (txn_id, txn_date, account_id, txn_type_cd, amount, teller_emp_id, execution_branch_id) VALUES (494, '2023-07-24 18:30:00', 90, 'DBT', 4637.8, 17, 10);
   INSERT INTO transaction (txn_id, txn_date, account_id, txn_type_cd, amount, teller_emp_id, execution_branch_id) VALUES (495, '2023-07-21 22:31:00', 134, 'CDT', 7.21, 84, 7);
   INSERT INTO transaction (txn_id, txn_date, account_id, txn_type_cd, amount, teller_emp_id, execution_branch_id) VALUES (496, '2023-11-05 06:24:00', 85, 'DBT', 454.03, 58, 48);
   INSERT INTO transaction (txn_id, txn_date, account_id, txn_type_cd, amount, teller_emp_id, execution_branch_id) VALUES (497, '2023-07-05 18:26:00', 58, 'DBT', 744.97, 54, 7);
   INSERT INTO transaction (txn_id, txn_date, account_id, txn_type_cd, amount, teller_emp_id, execution_branch_id) VALUES (498, '2023-09-24 00:19:00', 164, 'CDT', 179.64, 93, 15);
   INSERT INTO transaction (txn_id, txn_date, account_id, txn_type_cd, amount, teller_emp_id, execution_branch_id) VALUES (499, '2023-10-01 04:54:00', 233, 'CDT', 1955.86, 13, 10);
   INSERT INTO transaction (txn_id, txn_date, account_id, txn_type_cd, amount, teller_emp_id, execution_branch_id) VALUES (500, '2023-02-13 14:23:00', 37, 'CDT', 1402.94, 16, 23);
   INSERT INTO transaction (txn_id, txn_date, account_id, txn_type_cd, amount, teller_emp_id, execution_branch_id) VALUES (501, '2023-06-29 06:06:00', 85, 'DBT', 594.55, 98, 10);
   INSERT INTO transaction (txn_id, txn_date, account_id, txn_type_cd, amount, teller_emp_id, execution_branch_id) VALUES (502, '2023-11-24 19:24:00', 95, 'CDT', 707.24, 64, 26);
   INSERT INTO transaction (txn_id, txn_date, account_id, txn_type_cd, amount, teller_emp_id, execution_branch_id) VALUES (503, '2023-05-20 16:39:00', 232, 'CDT', 2731.48, 100, 4);
   INSERT INTO transaction (txn_id, txn_date, account_id, txn_type_cd, amount, teller_emp_id, execution_branch_id) VALUES (504, '2023-01-30 05:32:00', 17, 'CDT', 848.78, 95, 7);
   INSERT INTO transaction (txn_id, txn_date, account_id, txn_type_cd, amount, teller_emp_id, execution_branch_id) VALUES (505, '2023-10-01 06:58:00', 21, 'DBT', 3981.63, 80, 10);
   INSERT INTO transaction (txn_id, txn_date, account_id, txn_type_cd, amount, teller_emp_id, execution_branch_id) VALUES (506, '2023-01-01 08:58:00', 22, 'DBT', 4971.78, 70, 36);
   INSERT INTO transaction (txn_id, txn_date, account_id, txn_type_cd, amount, teller_emp_id, execution_branch_id) VALUES (507, '2023-03-10 23:25:00', 65, 'DBT', 2421.83, 47, 36);
   INSERT INTO transaction (txn_id, txn_date, account_id, txn_type_cd, amount, teller_emp_id, execution_branch_id) VALUES (508, '2023-04-23 07:26:00', 147, 'DBT', 591.9, 41, 15);
   INSERT INTO transaction (txn_id, txn_date, account_id, txn_type_cd, amount, teller_emp_id, execution_branch_id) VALUES (509, '2023-03-05 07:08:00', 166, 'DBT', 3477.22, 44, 21);
   INSERT INTO transaction (txn_id, txn_date, account_id, txn_type_cd, amount, teller_emp_id, execution_branch_id) VALUES (510, '2023-05-05 01:58:00', 192, 'CDT', 4366.17, 38, 19);
   INSERT INTO transaction (txn_id, txn_date, account_id, txn_type_cd, amount, teller_emp_id, execution_branch_id) VALUES (511, '2023-03-23 07:16:00', 219, 'DBT', 3925.52, 95, 16);
   INSERT INTO transaction (txn_id, txn_date, account_id, txn_type_cd, amount, teller_emp_id, execution_branch_id) VALUES (512, '2023-12-10 15:40:00', 216, 'DBT', 1429.06, 84, 43);
   INSERT INTO transaction (txn_id, txn_date, account_id, txn_type_cd, amount, teller_emp_id, execution_branch_id) VALUES (513, '2023-11-10 14:53:00', 93, 'DBT', 4614.66, 95, 3);
   INSERT INTO transaction (txn_id, txn_date, account_id, txn_type_cd, amount, teller_emp_id, execution_branch_id) VALUES (514, '2023-04-24 11:27:00', 67, 'DBT', 2917.46, 28, 46);
   INSERT INTO transaction (txn_id, txn_date, account_id, txn_type_cd, amount, teller_emp_id, execution_branch_id) VALUES (515, '2023-12-17 19:59:00', 77, 'DBT', 1314.27, 46, 39);
   INSERT INTO transaction (txn_id, txn_date, account_id, txn_type_cd, amount, teller_emp_id, execution_branch_id) VALUES (516, '2023-08-11 14:28:00', 162, 'CDT', 7.56, 59, 24);
   INSERT INTO transaction (txn_id, txn_date, account_id, txn_type_cd, amount, teller_emp_id, execution_branch_id) VALUES (517, '2023-07-09 12:55:00', 201, 'DBT', 1405.68, 90, 34);
   INSERT INTO transaction (txn_id, txn_date, account_id, txn_type_cd, amount, teller_emp_id, execution_branch_id) VALUES (518, '2023-03-24 19:07:00', 124, 'DBT', 4962.14, 59, 38);
   INSERT INTO transaction (txn_id, txn_date, account_id, txn_type_cd, amount, teller_emp_id, execution_branch_id) VALUES (519, '2023-01-12 15:26:00', 45, 'CDT', 2274.25, 11, 37);
   INSERT INTO transaction (txn_id, txn_date, account_id, txn_type_cd, amount, teller_emp_id, execution_branch_id) VALUES (520, '2023-02-12 09:38:00', 46, 'DBT', 3748.74, 10, 16);
   INSERT INTO transaction (txn_id, txn_date, account_id, txn_type_cd, amount, teller_emp_id, execution_branch_id) VALUES (521, '2023-03-30 03:59:00', 48, 'DBT', 2750.85, 28, 44);
   INSERT INTO transaction (txn_id, txn_date, account_id, txn_type_cd, amount, teller_emp_id, execution_branch_id) VALUES (522, '2023-11-21 08:12:00', 29, 'CDT', 4208.95, 67, 3);
   INSERT INTO transaction (txn_id, txn_date, account_id, txn_type_cd, amount, teller_emp_id, execution_branch_id) VALUES (523, '2023-01-14 17:01:00', 182, 'CDT', 2713.02, 48, 44);
   INSERT INTO transaction (txn_id, txn_date, account_id, txn_type_cd, amount, teller_emp_id, execution_branch_id) VALUES (524, '2023-02-03 02:25:00', 108, 'CDT', 3585.5, 55, 43);
   INSERT INTO transaction (txn_id, txn_date, account_id, txn_type_cd, amount, teller_emp_id, execution_branch_id) VALUES (525, '2023-11-14 22:40:00', 245, 'DBT', 4560.02, 35, 27);
   INSERT INTO transaction (txn_id, txn_date, account_id, txn_type_cd, amount, teller_emp_id, execution_branch_id) VALUES (526, '2023-08-25 16:05:00', 78, 'CDT', 3057.16, 38, 43);
   INSERT INTO transaction (txn_id, txn_date, account_id, txn_type_cd, amount, teller_emp_id, execution_branch_id) VALUES (527, '2023-01-31 12:26:00', 12, 'DBT', 3915.17, 84, 4);
   INSERT INTO transaction (txn_id, txn_date, account_id, txn_type_cd, amount, teller_emp_id, execution_branch_id) VALUES (528, '2023-11-16 07:30:00', 193, 'CDT', 3403.27, 97, 38);
   INSERT INTO transaction (txn_id, txn_date, account_id, txn_type_cd, amount, teller_emp_id, execution_branch_id) VALUES (529, '2023-08-30 09:14:00', 218, 'CDT', 2698.95, 20, 17);
   INSERT INTO transaction (txn_id, txn_date, account_id, txn_type_cd, amount, teller_emp_id, execution_branch_id) VALUES (530, '2023-01-31 20:45:00', 249, 'CDT', 933.41, 58, 31);
   INSERT INTO transaction (txn_id, txn_date, account_id, txn_type_cd, amount, teller_emp_id, execution_branch_id) VALUES (531, '2023-01-12 00:41:00', 169, 'CDT', 3619.11, 30, 5);
   INSERT INTO transaction (txn_id, txn_date, account_id, txn_type_cd, amount, teller_emp_id, execution_branch_id) VALUES (532, '2023-09-09 02:25:00', 193, 'DBT', 765.45, 60, 30);
   INSERT INTO transaction (txn_id, txn_date, account_id, txn_type_cd, amount, teller_emp_id, execution_branch_id) VALUES (533, '2023-05-06 03:50:00', 81, 'DBT', 4749.86, 87, 41);
   INSERT INTO transaction (txn_id, txn_date, account_id, txn_type_cd, amount, teller_emp_id, execution_branch_id) VALUES (534, '2023-11-18 09:32:00', 150, 'DBT', 812.09, 14, 24);
   INSERT INTO transaction (txn_id, txn_date, account_id, txn_type_cd, amount, teller_emp_id, execution_branch_id) VALUES (535, '2023-10-14 21:00:00', 126, 'DBT', 1973.9, 32, 34);
   INSERT INTO transaction (txn_id, txn_date, account_id, txn_type_cd, amount, teller_emp_id, execution_branch_id) VALUES (536, '2023-06-01 15:37:00', 28, 'DBT', 3366.16, 53, 12);
   INSERT INTO transaction (txn_id, txn_date, account_id, txn_type_cd, amount, teller_emp_id, execution_branch_id) VALUES (537, '2023-05-06 09:02:00', 217, 'CDT', 3920.75, 70, 20);
   INSERT INTO transaction (txn_id, txn_date, account_id, txn_type_cd, amount, teller_emp_id, execution_branch_id) VALUES (538, '2023-06-28 05:09:00', 110, 'DBT', 4182.92, 2, 41);
   INSERT INTO transaction (txn_id, txn_date, account_id, txn_type_cd, amount, teller_emp_id, execution_branch_id) VALUES (539, '2023-10-08 20:20:00', 218, 'DBT', 3042.33, 65, 6);
   INSERT INTO transaction (txn_id, txn_date, account_id, txn_type_cd, amount, teller_emp_id, execution_branch_id) VALUES (540, '2023-05-02 09:47:00', 231, 'CDT', 119.21, 36, 6);
   INSERT INTO transaction (txn_id, txn_date, account_id, txn_type_cd, amount, teller_emp_id, execution_branch_id) VALUES (541, '2023-09-09 04:40:00', 240, 'CDT', 1061.49, 70, 11);
   INSERT INTO transaction (txn_id, txn_date, account_id, txn_type_cd, amount, teller_emp_id, execution_branch_id) VALUES (542, '2023-06-15 15:48:00', 5, 'DBT', 47.27, 37, 12);
   INSERT INTO transaction (txn_id, txn_date, account_id, txn_type_cd, amount, teller_emp_id, execution_branch_id) VALUES (543, '2023-04-08 06:47:00', 42, 'CDT', 2561.01, 9, 16);
   INSERT INTO transaction (txn_id, txn_date, account_id, txn_type_cd, amount, teller_emp_id, execution_branch_id) VALUES (544, '2023-11-27 19:57:00', 229, 'CDT', 520.33, 100, 25);
   INSERT INTO transaction (txn_id, txn_date, account_id, txn_type_cd, amount, teller_emp_id, execution_branch_id) VALUES (545, '2023-10-31 11:07:00', 216, 'DBT', 2128.39, 69, 16);
   INSERT INTO transaction (txn_id, txn_date, account_id, txn_type_cd, amount, teller_emp_id, execution_branch_id) VALUES (546, '2023-04-04 15:49:00', 221, 'CDT', 1630.77, 69, 29);
   INSERT INTO transaction (txn_id, txn_date, account_id, txn_type_cd, amount, teller_emp_id, execution_branch_id) VALUES (547, '2023-08-19 00:32:00', 234, 'DBT', 4339.78, 32, 45);
   INSERT INTO transaction (txn_id, txn_date, account_id, txn_type_cd, amount, teller_emp_id, execution_branch_id) VALUES (548, '2023-03-06 22:59:00', 228, 'DBT', 3083.42, 22, 10);
   INSERT INTO transaction (txn_id, txn_date, account_id, txn_type_cd, amount, teller_emp_id, execution_branch_id) VALUES (549, '2023-12-04 03:44:00', 232, 'CDT', 4555.44, 77, 44);
   INSERT INTO transaction (txn_id, txn_date, account_id, txn_type_cd, amount, teller_emp_id, execution_branch_id) VALUES (550, '2023-07-04 06:24:00', 40, 'DBT', 64.47, 27, 33);
   INSERT INTO transaction (txn_id, txn_date, account_id, txn_type_cd, amount, teller_emp_id, execution_branch_id) VALUES (551, '2023-02-04 15:10:00', 23, 'DBT', 3596.69, 85, 27);
   INSERT INTO transaction (txn_id, txn_date, account_id, txn_type_cd, amount, teller_emp_id, execution_branch_id) VALUES (552, '2023-11-12 23:06:00', 100, 'CDT', 4177.06, 31, 33);
   INSERT INTO transaction (txn_id, txn_date, account_id, txn_type_cd, amount, teller_emp_id, execution_branch_id) VALUES (553, '2023-07-04 04:27:00', 103, 'DBT', 1359.68, 84, 27);
   INSERT INTO transaction (txn_id, txn_date, account_id, txn_type_cd, amount, teller_emp_id, execution_branch_id) VALUES (554, '2023-06-09 03:06:00', 131, 'DBT', 2989.23, 26, 27);
   INSERT INTO transaction (txn_id, txn_date, account_id, txn_type_cd, amount, teller_emp_id, execution_branch_id) VALUES (555, '2023-03-21 13:39:00', 185, 'DBT', 4020.55, 9, 6);
   INSERT INTO transaction (txn_id, txn_date, account_id, txn_type_cd, amount, teller_emp_id, execution_branch_id) VALUES (556, '2023-08-20 08:37:00', 135, 'DBT', 1779.26, 26, 39);
   INSERT INTO transaction (txn_id, txn_date, account_id, txn_type_cd, amount, teller_emp_id, execution_branch_id) VALUES (557, '2023-07-15 03:49:00', 80, 'CDT', 1762.01, 3, 8);
   INSERT INTO transaction (txn_id, txn_date, account_id, txn_type_cd, amount, teller_emp_id, execution_branch_id) VALUES (558, '2023-06-27 06:30:00', 131, 'CDT', 3348.76, 61, 38);
   INSERT INTO transaction (txn_id, txn_date, account_id, txn_type_cd, amount, teller_emp_id, execution_branch_id) VALUES (559, '2023-08-08 11:58:00', 133, 'CDT', 1069.04, 39, 18);
   INSERT INTO transaction (txn_id, txn_date, account_id, txn_type_cd, amount, teller_emp_id, execution_branch_id) VALUES (560, '2023-12-18 15:35:00', 135, 'DBT', 1396.82, 92, 1);
   INSERT INTO transaction (txn_id, txn_date, account_id, txn_type_cd, amount, teller_emp_id, execution_branch_id) VALUES (561, '2023-02-08 05:24:00', 213, 'DBT', 1570.18, 15, 4);
   INSERT INTO transaction (txn_id, txn_date, account_id, txn_type_cd, amount, teller_emp_id, execution_branch_id) VALUES (562, '2023-02-26 22:35:00', 178, 'DBT', 2924.24, 88, 50);
   INSERT INTO transaction (txn_id, txn_date, account_id, txn_type_cd, amount, teller_emp_id, execution_branch_id) VALUES (563, '2023-11-15 07:36:00', 155, 'DBT', 4286.1, 88, 35);
   INSERT INTO transaction (txn_id, txn_date, account_id, txn_type_cd, amount, teller_emp_id, execution_branch_id) VALUES (564, '2023-09-06 17:02:00', 139, 'CDT', 3196.66, 25, 3);
   INSERT INTO transaction (txn_id, txn_date, account_id, txn_type_cd, amount, teller_emp_id, execution_branch_id) VALUES (565, '2023-12-08 17:44:00', 174, 'DBT', 3776.94, 40, 22);
   INSERT INTO transaction (txn_id, txn_date, account_id, txn_type_cd, amount, teller_emp_id, execution_branch_id) VALUES (566, '2023-08-22 02:03:00', 92, 'DBT', 1908.11, 55, 17);
   INSERT INTO transaction (txn_id, txn_date, account_id, txn_type_cd, amount, teller_emp_id, execution_branch_id) VALUES (567, '2023-02-14 05:59:00', 164, 'CDT', 859.31, 77, 1);
   INSERT INTO transaction (txn_id, txn_date, account_id, txn_type_cd, amount, teller_emp_id, execution_branch_id) VALUES (568, '2023-01-21 04:20:00', 235, 'DBT', 4394.43, 49, 2);
   INSERT INTO transaction (txn_id, txn_date, account_id, txn_type_cd, amount, teller_emp_id, execution_branch_id) VALUES (569, '2023-06-01 11:26:00', 116, 'DBT', 4468.74, 61, 38);
   INSERT INTO transaction (txn_id, txn_date, account_id, txn_type_cd, amount, teller_emp_id, execution_branch_id) VALUES (570, '2023-03-31 12:51:00', 124, 'CDT', 2224.4, 19, 8);
   INSERT INTO transaction (txn_id, txn_date, account_id, txn_type_cd, amount, teller_emp_id, execution_branch_id) VALUES (571, '2023-01-22 09:45:00', 74, 'CDT', 4253.36, 50, 22);
   INSERT INTO transaction (txn_id, txn_date, account_id, txn_type_cd, amount, teller_emp_id, execution_branch_id) VALUES (572, '2023-04-18 00:44:00', 84, 'DBT', 4546.62, 76, 13);
   INSERT INTO transaction (txn_id, txn_date, account_id, txn_type_cd, amount, teller_emp_id, execution_branch_id) VALUES (573, '2023-06-19 18:43:00', 108, 'CDT', 2576.77, 43, 49);
   INSERT INTO transaction (txn_id, txn_date, account_id, txn_type_cd, amount, teller_emp_id, execution_branch_id) VALUES (574, '2023-06-27 05:08:00', 202, 'CDT', 2123.92, 55, 5);
   INSERT INTO transaction (txn_id, txn_date, account_id, txn_type_cd, amount, teller_emp_id, execution_branch_id) VALUES (575, '2023-01-27 02:16:00', 192, 'DBT', 3101.86, 10, 40);
   INSERT INTO transaction (txn_id, txn_date, account_id, txn_type_cd, amount, teller_emp_id, execution_branch_id) VALUES (576, '2023-02-04 07:44:00', 93, 'CDT', 4067.25, 20, 16);
   INSERT INTO transaction (txn_id, txn_date, account_id, txn_type_cd, amount, teller_emp_id, execution_branch_id) VALUES (577, '2023-05-13 16:12:00', 166, 'DBT', 142.92, 34, 30);
   INSERT INTO transaction (txn_id, txn_date, account_id, txn_type_cd, amount, teller_emp_id, execution_branch_id) VALUES (578, '2023-03-06 23:01:00', 140, 'CDT', 1697.78, 28, 34);
   INSERT INTO transaction (txn_id, txn_date, account_id, txn_type_cd, amount, teller_emp_id, execution_branch_id) VALUES (579, '2023-07-28 19:45:00', 93, 'CDT', 1060.25, 41, 17);
   INSERT INTO transaction (txn_id, txn_date, account_id, txn_type_cd, amount, teller_emp_id, execution_branch_id) VALUES (580, '2023-11-30 03:51:00', 64, 'DBT', 19.92, 94, 14);
   INSERT INTO transaction (txn_id, txn_date, account_id, txn_type_cd, amount, teller_emp_id, execution_branch_id) VALUES (581, '2023-12-16 19:02:00', 136, 'CDT', 388.31, 68, 3);
   INSERT INTO transaction (txn_id, txn_date, account_id, txn_type_cd, amount, teller_emp_id, execution_branch_id) VALUES (582, '2023-09-25 03:08:00', 158, 'CDT', 794.93, 61, 31);
   INSERT INTO transaction (txn_id, txn_date, account_id, txn_type_cd, amount, teller_emp_id, execution_branch_id) VALUES (583, '2023-04-11 11:51:00', 149, 'DBT', 1329.64, 68, 41);
   INSERT INTO transaction (txn_id, txn_date, account_id, txn_type_cd, amount, teller_emp_id, execution_branch_id) VALUES (584, '2023-09-26 18:34:00', 183, 'CDT', 4095.36, 41, 16);
   INSERT INTO transaction (txn_id, txn_date, account_id, txn_type_cd, amount, teller_emp_id, execution_branch_id) VALUES (585, '2023-01-18 16:37:00', 5, 'CDT', 626.89, 38, 18);
   INSERT INTO transaction (txn_id, txn_date, account_id, txn_type_cd, amount, teller_emp_id, execution_branch_id) VALUES (586, '2023-04-08 13:18:00', 180, 'DBT', 2669.52, 65, 8);
   INSERT INTO transaction (txn_id, txn_date, account_id, txn_type_cd, amount, teller_emp_id, execution_branch_id) VALUES (587, '2023-08-21 01:29:00', 60, 'CDT', 3223.0, 2, 4);
   INSERT INTO transaction (txn_id, txn_date, account_id, txn_type_cd, amount, teller_emp_id, execution_branch_id) VALUES (588, '2023-05-08 18:04:00', 127, 'DBT', 1502.84, 82, 6);
   INSERT INTO transaction (txn_id, txn_date, account_id, txn_type_cd, amount, teller_emp_id, execution_branch_id) VALUES (589, '2023-11-10 19:41:00', 41, 'CDT', 1336.92, 25, 21);
   INSERT INTO transaction (txn_id, txn_date, account_id, txn_type_cd, amount, teller_emp_id, execution_branch_id) VALUES (590, '2023-09-26 12:07:00', 177, 'CDT', 4032.1, 83, 26);
   INSERT INTO transaction (txn_id, txn_date, account_id, txn_type_cd, amount, teller_emp_id, execution_branch_id) VALUES (591, '2023-05-13 16:13:00', 229, 'DBT', 2025.15, 55, 12);
   INSERT INTO transaction (txn_id, txn_date, account_id, txn_type_cd, amount, teller_emp_id, execution_branch_id) VALUES (592, '2023-03-16 05:19:00', 47, 'DBT', 4044.87, 56, 21);
   INSERT INTO transaction (txn_id, txn_date, account_id, txn_type_cd, amount, teller_emp_id, execution_branch_id) VALUES (593, '2023-01-20 23:48:00', 190, 'DBT', 3658.91, 91, 15);
   INSERT INTO transaction (txn_id, txn_date, account_id, txn_type_cd, amount, teller_emp_id, execution_branch_id) VALUES (594, '2023-01-12 23:41:00', 189, 'CDT', 38.26, 92, 31);
   INSERT INTO transaction (txn_id, txn_date, account_id, txn_type_cd, amount, teller_emp_id, execution_branch_id) VALUES (595, '2023-01-02 14:17:00', 248, 'DBT', 2180.54, 40, 45);
   INSERT INTO transaction (txn_id, txn_date, account_id, txn_type_cd, amount, teller_emp_id, execution_branch_id) VALUES (596, '2023-09-19 14:00:00', 194, 'DBT', 3124.57, 45, 24);
   INSERT INTO transaction (txn_id, txn_date, account_id, txn_type_cd, amount, teller_emp_id, execution_branch_id) VALUES (597, '2023-09-21 05:46:00', 122, 'CDT', 4679.96, 15, 26);
   INSERT INTO transaction (txn_id, txn_date, account_id, txn_type_cd, amount, teller_emp_id, execution_branch_id) VALUES (598, '2023-05-07 03:07:00', 233, 'DBT', 4346.92, 89, 26);
   INSERT INTO transaction (txn_id, txn_date, account_id, txn_type_cd, amount, teller_emp_id, execution_branch_id) VALUES (599, '2023-03-31 13:37:00', 161, 'DBT', 447.04, 25, 17);
   INSERT INTO transaction (txn_id, txn_date, account_id, txn_type_cd, amount, teller_emp_id, execution_branch_id) VALUES (600, '2023-05-10 02:25:00', 6, 'DBT', 1714.05, 94, 29);
   INSERT INTO transaction (txn_id, txn_date, account_id, txn_type_cd, amount, teller_emp_id, execution_branch_id) VALUES (601, '2023-03-06 10:38:00', 121, 'DBT', 3533.8, 88, 44);
   INSERT INTO transaction (txn_id, txn_date, account_id, txn_type_cd, amount, teller_emp_id, execution_branch_id) VALUES (602, '2023-04-25 12:48:00', 115, 'DBT', 220.26, 93, 25);
   INSERT INTO transaction (txn_id, txn_date, account_id, txn_type_cd, amount, teller_emp_id, execution_branch_id) VALUES (603, '2023-12-09 19:03:00', 193, 'CDT', 649.71, 15, 32);
   INSERT INTO transaction (txn_id, txn_date, account_id, txn_type_cd, amount, teller_emp_id, execution_branch_id) VALUES (604, '2023-02-11 22:56:00', 124, 'CDT', 1238.94, 40, 10);
   INSERT INTO transaction (txn_id, txn_date, account_id, txn_type_cd, amount, teller_emp_id, execution_branch_id) VALUES (605, '2023-04-21 13:24:00', 248, 'CDT', 960.53, 22, 42);
   INSERT INTO transaction (txn_id, txn_date, account_id, txn_type_cd, amount, teller_emp_id, execution_branch_id) VALUES (606, '2023-09-14 14:24:00', 200, 'CDT', 4775.63, 19, 16);
   INSERT INTO transaction (txn_id, txn_date, account_id, txn_type_cd, amount, teller_emp_id, execution_branch_id) VALUES (607, '2023-06-10 12:43:00', 96, 'DBT', 4410.36, 29, 21);
   INSERT INTO transaction (txn_id, txn_date, account_id, txn_type_cd, amount, teller_emp_id, execution_branch_id) VALUES (608, '2023-03-21 15:48:00', 235, 'DBT', 4233.94, 8, 31);
   INSERT INTO transaction (txn_id, txn_date, account_id, txn_type_cd, amount, teller_emp_id, execution_branch_id) VALUES (609, '2023-10-01 23:45:00', 69, 'CDT', 4287.5, 34, 35);
   INSERT INTO transaction (txn_id, txn_date, account_id, txn_type_cd, amount, teller_emp_id, execution_branch_id) VALUES (610, '2023-07-03 18:12:00', 15, 'DBT', 4137.01, 16, 2);
   INSERT INTO transaction (txn_id, txn_date, account_id, txn_type_cd, amount, teller_emp_id, execution_branch_id) VALUES (611, '2023-08-10 06:12:00', 83, 'DBT', 2709.17, 90, 18);
   INSERT INTO transaction (txn_id, txn_date, account_id, txn_type_cd, amount, teller_emp_id, execution_branch_id) VALUES (612, '2023-10-28 09:01:00', 128, 'CDT', 4970.37, 82, 21);
   INSERT INTO transaction (txn_id, txn_date, account_id, txn_type_cd, amount, teller_emp_id, execution_branch_id) VALUES (613, '2023-01-29 16:45:00', 92, 'DBT', 4105.59, 46, 3);
   INSERT INTO transaction (txn_id, txn_date, account_id, txn_type_cd, amount, teller_emp_id, execution_branch_id) VALUES (614, '2023-12-17 02:08:00', 51, 'DBT', 250.71, 47, 46);
   INSERT INTO transaction (txn_id, txn_date, account_id, txn_type_cd, amount, teller_emp_id, execution_branch_id) VALUES (615, '2023-05-11 20:37:00', 139, 'CDT', 878.12, 68, 28);
   INSERT INTO transaction (txn_id, txn_date, account_id, txn_type_cd, amount, teller_emp_id, execution_branch_id) VALUES (616, '2023-09-28 05:58:00', 4, 'CDT', 1438.08, 76, 29);
   INSERT INTO transaction (txn_id, txn_date, account_id, txn_type_cd, amount, teller_emp_id, execution_branch_id) VALUES (617, '2023-09-05 02:45:00', 198, 'DBT', 3581.79, 76, 26);
   INSERT INTO transaction (txn_id, txn_date, account_id, txn_type_cd, amount, teller_emp_id, execution_branch_id) VALUES (618, '2023-04-11 21:36:00', 69, 'DBT', 1506.58, 69, 36);
   INSERT INTO transaction (txn_id, txn_date, account_id, txn_type_cd, amount, teller_emp_id, execution_branch_id) VALUES (619, '2023-03-29 22:04:00', 110, 'CDT', 2479.48, 36, 16);
   INSERT INTO transaction (txn_id, txn_date, account_id, txn_type_cd, amount, teller_emp_id, execution_branch_id) VALUES (620, '2023-01-22 21:10:00', 22, 'CDT', 2651.22, 96, 14);
   INSERT INTO transaction (txn_id, txn_date, account_id, txn_type_cd, amount, teller_emp_id, execution_branch_id) VALUES (621, '2023-03-16 10:15:00', 146, 'DBT', 413.75, 76, 28);
   INSERT INTO transaction (txn_id, txn_date, account_id, txn_type_cd, amount, teller_emp_id, execution_branch_id) VALUES (622, '2023-08-21 16:40:00', 142, 'DBT', 4469.86, 8, 26);
   INSERT INTO transaction (txn_id, txn_date, account_id, txn_type_cd, amount, teller_emp_id, execution_branch_id) VALUES (623, '2023-09-22 04:50:00', 241, 'DBT', 4786.04, 42, 1);
   INSERT INTO transaction (txn_id, txn_date, account_id, txn_type_cd, amount, teller_emp_id, execution_branch_id) VALUES (624, '2023-06-28 13:10:00', 31, 'CDT', 2151.39, 99, 41);
   INSERT INTO transaction (txn_id, txn_date, account_id, txn_type_cd, amount, teller_emp_id, execution_branch_id) VALUES (625, '2023-10-11 05:14:00', 250, 'DBT', 3716.8, 47, 42);
   INSERT INTO transaction (txn_id, txn_date, account_id, txn_type_cd, amount, teller_emp_id, execution_branch_id) VALUES (626, '2023-07-21 11:39:00', 87, 'CDT', 4647.52, 78, 17);
   INSERT INTO transaction (txn_id, txn_date, account_id, txn_type_cd, amount, teller_emp_id, execution_branch_id) VALUES (627, '2023-03-17 18:42:00', 34, 'DBT', 572.98, 2, 49);
   INSERT INTO transaction (txn_id, txn_date, account_id, txn_type_cd, amount, teller_emp_id, execution_branch_id) VALUES (628, '2023-03-10 19:13:00', 105, 'DBT', 1715.29, 3, 47);
   INSERT INTO transaction (txn_id, txn_date, account_id, txn_type_cd, amount, teller_emp_id, execution_branch_id) VALUES (629, '2023-01-15 21:35:00', 125, 'DBT', 1973.82, 27, 28);
   INSERT INTO transaction (txn_id, txn_date, account_id, txn_type_cd, amount, teller_emp_id, execution_branch_id) VALUES (630, '2023-02-11 14:06:00', 129, 'DBT', 511.82, 34, 23);
   INSERT INTO transaction (txn_id, txn_date, account_id, txn_type_cd, amount, teller_emp_id, execution_branch_id) VALUES (631, '2023-08-31 08:41:00', 13, 'CDT', 3036.54, 73, 25);
   INSERT INTO transaction (txn_id, txn_date, account_id, txn_type_cd, amount, teller_emp_id, execution_branch_id) VALUES (632, '2023-09-24 01:38:00', 241, 'CDT', 2143.52, 8, 1);
   INSERT INTO transaction (txn_id, txn_date, account_id, txn_type_cd, amount, teller_emp_id, execution_branch_id) VALUES (633, '2023-10-20 12:16:00', 133, 'CDT', 2953.32, 40, 23);
   INSERT INTO transaction (txn_id, txn_date, account_id, txn_type_cd, amount, teller_emp_id, execution_branch_id) VALUES (634, '2023-11-10 18:17:00', 159, 'CDT', 2975.44, 32, 40);
   INSERT INTO transaction (txn_id, txn_date, account_id, txn_type_cd, amount, teller_emp_id, execution_branch_id) VALUES (635, '2023-10-09 10:05:00', 127, 'CDT', 47.46, 27, 39);
   INSERT INTO transaction (txn_id, txn_date, account_id, txn_type_cd, amount, teller_emp_id, execution_branch_id) VALUES (636, '2023-10-21 22:16:00', 215, 'DBT', 1267.85, 39, 1);
   INSERT INTO transaction (txn_id, txn_date, account_id, txn_type_cd, amount, teller_emp_id, execution_branch_id) VALUES (637, '2023-12-19 13:05:00', 69, 'DBT', 2480.7, 72, 22);
   INSERT INTO transaction (txn_id, txn_date, account_id, txn_type_cd, amount, teller_emp_id, execution_branch_id) VALUES (638, '2023-04-26 02:46:00', 204, 'DBT', 297.76, 37, 29);
   INSERT INTO transaction (txn_id, txn_date, account_id, txn_type_cd, amount, teller_emp_id, execution_branch_id) VALUES (639, '2023-08-12 12:12:00', 4, 'DBT', 4519.03, 36, 12);
   INSERT INTO transaction (txn_id, txn_date, account_id, txn_type_cd, amount, teller_emp_id, execution_branch_id) VALUES (640, '2023-11-23 05:07:00', 228, 'CDT', 3197.35, 52, 35);
   INSERT INTO transaction (txn_id, txn_date, account_id, txn_type_cd, amount, teller_emp_id, execution_branch_id) VALUES (641, '2023-07-05 22:07:00', 193, 'CDT', 1792.58, 86, 47);
   INSERT INTO transaction (txn_id, txn_date, account_id, txn_type_cd, amount, teller_emp_id, execution_branch_id) VALUES (642, '2023-12-26 09:55:00', 152, 'DBT', 4988.28, 51, 38);
   INSERT INTO transaction (txn_id, txn_date, account_id, txn_type_cd, amount, teller_emp_id, execution_branch_id) VALUES (643, '2023-08-21 11:28:00', 28, 'DBT', 1025.45, 60, 33);
   INSERT INTO transaction (txn_id, txn_date, account_id, txn_type_cd, amount, teller_emp_id, execution_branch_id) VALUES (644, '2023-07-17 04:03:00', 139, 'DBT', 86.67, 36, 36);
   INSERT INTO transaction (txn_id, txn_date, account_id, txn_type_cd, amount, teller_emp_id, execution_branch_id) VALUES (645, '2023-06-13 22:25:00', 110, 'CDT', 314.96, 51, 29);
   INSERT INTO transaction (txn_id, txn_date, account_id, txn_type_cd, amount, teller_emp_id, execution_branch_id) VALUES (646, '2023-01-12 02:51:00', 179, 'DBT', 4857.01, 72, 31);
   INSERT INTO transaction (txn_id, txn_date, account_id, txn_type_cd, amount, teller_emp_id, execution_branch_id) VALUES (647, '2023-06-27 06:52:00', 41, 'DBT', 979.41, 17, 1);
   INSERT INTO transaction (txn_id, txn_date, account_id, txn_type_cd, amount, teller_emp_id, execution_branch_id) VALUES (648, '2023-01-28 22:09:00', 219, 'DBT', 3715.92, 35, 4);
   INSERT INTO transaction (txn_id, txn_date, account_id, txn_type_cd, amount, teller_emp_id, execution_branch_id) VALUES (649, '2023-11-22 07:56:00', 127, 'DBT', 918.52, 32, 39);
   INSERT INTO transaction (txn_id, txn_date, account_id, txn_type_cd, amount, teller_emp_id, execution_branch_id) VALUES (650, '2023-04-20 21:27:00', 239, 'CDT', 1165.68, 37, 22);
   INSERT INTO transaction (txn_id, txn_date, account_id, txn_type_cd, amount, teller_emp_id, execution_branch_id) VALUES (651, '2023-06-26 06:56:00', 98, 'DBT', 1341.66, 44, 16);
   INSERT INTO transaction (txn_id, txn_date, account_id, txn_type_cd, amount, teller_emp_id, execution_branch_id) VALUES (652, '2023-10-02 21:04:00', 143, 'CDT', 774.41, 92, 10);
   INSERT INTO transaction (txn_id, txn_date, account_id, txn_type_cd, amount, teller_emp_id, execution_branch_id) VALUES (653, '2023-02-26 10:29:00', 102, 'DBT', 711.22, 85, 49);
   INSERT INTO transaction (txn_id, txn_date, account_id, txn_type_cd, amount, teller_emp_id, execution_branch_id) VALUES (654, '2023-11-22 07:36:00', 225, 'CDT', 3744.9, 2, 17);
   INSERT INTO transaction (txn_id, txn_date, account_id, txn_type_cd, amount, teller_emp_id, execution_branch_id) VALUES (655, '2023-01-10 12:46:00', 114, 'DBT', 4363.04, 96, 14);
   INSERT INTO transaction (txn_id, txn_date, account_id, txn_type_cd, amount, teller_emp_id, execution_branch_id) VALUES (656, '2023-05-25 14:34:00', 177, 'CDT', 1424.01, 72, 27);
   INSERT INTO transaction (txn_id, txn_date, account_id, txn_type_cd, amount, teller_emp_id, execution_branch_id) VALUES (657, '2023-10-09 05:21:00', 65, 'DBT', 2240.76, 45, 38);
   INSERT INTO transaction (txn_id, txn_date, account_id, txn_type_cd, amount, teller_emp_id, execution_branch_id) VALUES (658, '2023-10-28 02:25:00', 55, 'DBT', 3501.02, 46, 2);
   INSERT INTO transaction (txn_id, txn_date, account_id, txn_type_cd, amount, teller_emp_id, execution_branch_id) VALUES (659, '2023-11-25 00:00:00', 87, 'CDT', 3619.35, 18, 22);
   INSERT INTO transaction (txn_id, txn_date, account_id, txn_type_cd, amount, teller_emp_id, execution_branch_id) VALUES (660, '2023-02-25 21:59:00', 162, 'DBT', 1905.01, 9, 17);
   INSERT INTO transaction (txn_id, txn_date, account_id, txn_type_cd, amount, teller_emp_id, execution_branch_id) VALUES (661, '2023-12-28 13:03:00', 181, 'CDT', 3399.45, 84, 35);
   INSERT INTO transaction (txn_id, txn_date, account_id, txn_type_cd, amount, teller_emp_id, execution_branch_id) VALUES (662, '2023-07-23 23:35:00', 65, 'DBT', 4108.06, 30, 32);
   INSERT INTO transaction (txn_id, txn_date, account_id, txn_type_cd, amount, teller_emp_id, execution_branch_id) VALUES (663, '2023-12-26 17:19:00', 13, 'DBT', 3311.42, 99, 34);
   INSERT INTO transaction (txn_id, txn_date, account_id, txn_type_cd, amount, teller_emp_id, execution_branch_id) VALUES (664, '2023-03-12 07:48:00', 13, 'DBT', 4753.04, 100, 48);
   INSERT INTO transaction (txn_id, txn_date, account_id, txn_type_cd, amount, teller_emp_id, execution_branch_id) VALUES (665, '2023-11-01 22:15:00', 137, 'CDT', 3488.02, 40, 17);
   INSERT INTO transaction (txn_id, txn_date, account_id, txn_type_cd, amount, teller_emp_id, execution_branch_id) VALUES (666, '2023-02-02 10:15:00', 67, 'CDT', 1256.81, 60, 50);
   INSERT INTO transaction (txn_id, txn_date, account_id, txn_type_cd, amount, teller_emp_id, execution_branch_id) VALUES (667, '2023-12-28 21:13:00', 2, 'CDT', 1344.19, 40, 41);
   INSERT INTO transaction (txn_id, txn_date, account_id, txn_type_cd, amount, teller_emp_id, execution_branch_id) VALUES (668, '2023-06-07 06:42:00', 139, 'DBT', 4078.48, 17, 44);
   INSERT INTO transaction (txn_id, txn_date, account_id, txn_type_cd, amount, teller_emp_id, execution_branch_id) VALUES (669, '2023-01-20 09:33:00', 154, 'DBT', 1943.46, 79, 30);
   INSERT INTO transaction (txn_id, txn_date, account_id, txn_type_cd, amount, teller_emp_id, execution_branch_id) VALUES (670, '2023-04-29 12:22:00', 188, 'DBT', 4654.3, 86, 3);
   INSERT INTO transaction (txn_id, txn_date, account_id, txn_type_cd, amount, teller_emp_id, execution_branch_id) VALUES (671, '2023-11-04 07:12:00', 236, 'CDT', 600.31, 41, 11);
   INSERT INTO transaction (txn_id, txn_date, account_id, txn_type_cd, amount, teller_emp_id, execution_branch_id) VALUES (672, '2023-12-26 12:13:00', 170, 'DBT', 895.07, 1, 6);
   INSERT INTO transaction (txn_id, txn_date, account_id, txn_type_cd, amount, teller_emp_id, execution_branch_id) VALUES (673, '2023-07-10 09:54:00', 126, 'DBT', 4041.93, 2, 39);
   INSERT INTO transaction (txn_id, txn_date, account_id, txn_type_cd, amount, teller_emp_id, execution_branch_id) VALUES (674, '2023-07-18 06:42:00', 139, 'DBT', 1909.87, 78, 18);
   INSERT INTO transaction (txn_id, txn_date, account_id, txn_type_cd, amount, teller_emp_id, execution_branch_id) VALUES (675, '2023-08-12 06:59:00', 35, 'CDT', 391.99, 54, 13);
   INSERT INTO transaction (txn_id, txn_date, account_id, txn_type_cd, amount, teller_emp_id, execution_branch_id) VALUES (676, '2023-07-11 19:01:00', 118, 'DBT', 4885.3, 48, 26);
   INSERT INTO transaction (txn_id, txn_date, account_id, txn_type_cd, amount, teller_emp_id, execution_branch_id) VALUES (677, '2023-01-10 06:14:00', 44, 'CDT', 352.62, 50, 35);
   INSERT INTO transaction (txn_id, txn_date, account_id, txn_type_cd, amount, teller_emp_id, execution_branch_id) VALUES (678, '2023-01-23 08:27:00', 154, 'DBT', 3251.62, 87, 37);
   INSERT INTO transaction (txn_id, txn_date, account_id, txn_type_cd, amount, teller_emp_id, execution_branch_id) VALUES (679, '2023-08-15 04:26:00', 212, 'CDT', 2356.31, 52, 49);
   INSERT INTO transaction (txn_id, txn_date, account_id, txn_type_cd, amount, teller_emp_id, execution_branch_id) VALUES (680, '2023-11-30 04:05:00', 184, 'CDT', 1177.17, 34, 27);
   INSERT INTO transaction (txn_id, txn_date, account_id, txn_type_cd, amount, teller_emp_id, execution_branch_id) VALUES (681, '2023-06-16 13:27:00', 174, 'CDT', 877.81, 97, 14);
   INSERT INTO transaction (txn_id, txn_date, account_id, txn_type_cd, amount, teller_emp_id, execution_branch_id) VALUES (682, '2023-11-06 00:09:00', 203, 'DBT', 981.29, 45, 40);
   INSERT INTO transaction (txn_id, txn_date, account_id, txn_type_cd, amount, teller_emp_id, execution_branch_id) VALUES (683, '2023-08-23 12:08:00', 17, 'DBT', 1272.67, 41, 14);
   INSERT INTO transaction (txn_id, txn_date, account_id, txn_type_cd, amount, teller_emp_id, execution_branch_id) VALUES (684, '2023-01-04 10:39:00', 78, 'CDT', 2228.61, 48, 6);
   INSERT INTO transaction (txn_id, txn_date, account_id, txn_type_cd, amount, teller_emp_id, execution_branch_id) VALUES (685, '2023-05-25 19:19:00', 218, 'DBT', 3046.76, 36, 29);
   INSERT INTO transaction (txn_id, txn_date, account_id, txn_type_cd, amount, teller_emp_id, execution_branch_id) VALUES (686, '2023-12-09 22:46:00', 165, 'DBT', 1398.31, 32, 44);
   INSERT INTO transaction (txn_id, txn_date, account_id, txn_type_cd, amount, teller_emp_id, execution_branch_id) VALUES (687, '2023-03-21 03:12:00', 72, 'DBT', 129.09, 62, 8);
   INSERT INTO transaction (txn_id, txn_date, account_id, txn_type_cd, amount, teller_emp_id, execution_branch_id) VALUES (688, '2023-02-20 00:36:00', 43, 'DBT', 3618.22, 85, 24);
   INSERT INTO transaction (txn_id, txn_date, account_id, txn_type_cd, amount, teller_emp_id, execution_branch_id) VALUES (689, '2023-10-29 14:51:00', 247, 'CDT', 4882.45, 16, 43);
   INSERT INTO transaction (txn_id, txn_date, account_id, txn_type_cd, amount, teller_emp_id, execution_branch_id) VALUES (690, '2023-03-15 08:11:00', 60, 'CDT', 1254.95, 92, 21);
   INSERT INTO transaction (txn_id, txn_date, account_id, txn_type_cd, amount, teller_emp_id, execution_branch_id) VALUES (691, '2023-10-03 09:55:00', 137, 'DBT', 1249.68, 65, 30);
   INSERT INTO transaction (txn_id, txn_date, account_id, txn_type_cd, amount, teller_emp_id, execution_branch_id) VALUES (692, '2023-12-30 03:26:00', 132, 'DBT', 1633.78, 51, 2);
   INSERT INTO transaction (txn_id, txn_date, account_id, txn_type_cd, amount, teller_emp_id, execution_branch_id) VALUES (693, '2023-11-19 04:08:00', 116, 'DBT', 1994.39, 99, 47);
   INSERT INTO transaction (txn_id, txn_date, account_id, txn_type_cd, amount, teller_emp_id, execution_branch_id) VALUES (694, '2023-03-14 15:34:00', 244, 'DBT', 2746.79, 83, 50);
   INSERT INTO transaction (txn_id, txn_date, account_id, txn_type_cd, amount, teller_emp_id, execution_branch_id) VALUES (695, '2023-05-14 15:56:00', 103, 'CDT', 1833.46, 48, 29);
   INSERT INTO transaction (txn_id, txn_date, account_id, txn_type_cd, amount, teller_emp_id, execution_branch_id) VALUES (696, '2023-05-09 02:15:00', 34, 'DBT', 2534.84, 37, 35);
   INSERT INTO transaction (txn_id, txn_date, account_id, txn_type_cd, amount, teller_emp_id, execution_branch_id) VALUES (697, '2023-12-08 06:24:00', 155, 'DBT', 939.48, 75, 8);
   INSERT INTO transaction (txn_id, txn_date, account_id, txn_type_cd, amount, teller_emp_id, execution_branch_id) VALUES (698, '2023-11-14 11:05:00', 204, 'CDT', 1059.93, 35, 40);
   INSERT INTO transaction (txn_id, txn_date, account_id, txn_type_cd, amount, teller_emp_id, execution_branch_id) VALUES (699, '2023-06-25 00:20:00', 203, 'CDT', 2380.67, 54, 3);
   INSERT INTO transaction (txn_id, txn_date, account_id, txn_type_cd, amount, teller_emp_id, execution_branch_id) VALUES (700, '2023-09-26 20:40:00', 15, 'DBT', 3380.42, 90, 10);
   INSERT INTO transaction (txn_id, txn_date, account_id, txn_type_cd, amount, teller_emp_id, execution_branch_id) VALUES (701, '2023-02-24 09:48:00', 108, 'CDT', 1833.44, 16, 18);
   INSERT INTO transaction (txn_id, txn_date, account_id, txn_type_cd, amount, teller_emp_id, execution_branch_id) VALUES (702, '2023-11-27 16:11:00', 176, 'DBT', 152.2, 82, 19);
   INSERT INTO transaction (txn_id, txn_date, account_id, txn_type_cd, amount, teller_emp_id, execution_branch_id) VALUES (703, '2023-05-09 12:26:00', 180, 'DBT', 4200.37, 37, 46);
   INSERT INTO transaction (txn_id, txn_date, account_id, txn_type_cd, amount, teller_emp_id, execution_branch_id) VALUES (704, '2023-03-07 20:52:00', 192, 'CDT', 3312.45, 33, 14);
   INSERT INTO transaction (txn_id, txn_date, account_id, txn_type_cd, amount, teller_emp_id, execution_branch_id) VALUES (705, '2023-01-11 16:40:00', 65, 'CDT', 4081.46, 25, 1);
   INSERT INTO transaction (txn_id, txn_date, account_id, txn_type_cd, amount, teller_emp_id, execution_branch_id) VALUES (706, '2023-12-27 10:00:00', 215, 'CDT', 4495.59, 78, 5);
   INSERT INTO transaction (txn_id, txn_date, account_id, txn_type_cd, amount, teller_emp_id, execution_branch_id) VALUES (707, '2023-05-28 08:14:00', 69, 'CDT', 2357.11, 26, 12);
   INSERT INTO transaction (txn_id, txn_date, account_id, txn_type_cd, amount, teller_emp_id, execution_branch_id) VALUES (708, '2023-04-14 18:30:00', 85, 'CDT', 790.22, 2, 6);
   INSERT INTO transaction (txn_id, txn_date, account_id, txn_type_cd, amount, teller_emp_id, execution_branch_id) VALUES (709, '2023-10-10 10:02:00', 220, 'CDT', 4077.72, 44, 31);
   INSERT INTO transaction (txn_id, txn_date, account_id, txn_type_cd, amount, teller_emp_id, execution_branch_id) VALUES (710, '2023-09-30 18:34:00', 108, 'DBT', 3303.11, 46, 35);
   INSERT INTO transaction (txn_id, txn_date, account_id, txn_type_cd, amount, teller_emp_id, execution_branch_id) VALUES (711, '2023-05-28 13:03:00', 225, 'CDT', 1060.04, 67, 12);
   INSERT INTO transaction (txn_id, txn_date, account_id, txn_type_cd, amount, teller_emp_id, execution_branch_id) VALUES (712, '2023-09-13 09:52:00', 13, 'DBT', 2072.99, 44, 7);
   INSERT INTO transaction (txn_id, txn_date, account_id, txn_type_cd, amount, teller_emp_id, execution_branch_id) VALUES (713, '2023-07-14 19:59:00', 192, 'CDT', 602.48, 77, 39);
   INSERT INTO transaction (txn_id, txn_date, account_id, txn_type_cd, amount, teller_emp_id, execution_branch_id) VALUES (714, '2023-11-12 05:53:00', 16, 'CDT', 1976.8, 40, 2);
   INSERT INTO transaction (txn_id, txn_date, account_id, txn_type_cd, amount, teller_emp_id, execution_branch_id) VALUES (715, '2023-07-20 22:44:00', 85, 'DBT', 217.81, 77, 11);
   INSERT INTO transaction (txn_id, txn_date, account_id, txn_type_cd, amount, teller_emp_id, execution_branch_id) VALUES (716, '2023-07-18 19:17:00', 150, 'DBT', 2453.87, 50, 14);
   INSERT INTO transaction (txn_id, txn_date, account_id, txn_type_cd, amount, teller_emp_id, execution_branch_id) VALUES (717, '2023-04-11 17:50:00', 213, 'CDT', 3025.25, 85, 28);
   INSERT INTO transaction (txn_id, txn_date, account_id, txn_type_cd, amount, teller_emp_id, execution_branch_id) VALUES (718, '2023-01-26 03:04:00', 166, 'CDT', 2371.71, 23, 5);
   INSERT INTO transaction (txn_id, txn_date, account_id, txn_type_cd, amount, teller_emp_id, execution_branch_id) VALUES (719, '2023-01-11 09:55:00', 84, 'DBT', 4895.07, 68, 24);
   INSERT INTO transaction (txn_id, txn_date, account_id, txn_type_cd, amount, teller_emp_id, execution_branch_id) VALUES (720, '2023-08-14 10:47:00', 199, 'CDT', 2330.23, 98, 33);
   INSERT INTO transaction (txn_id, txn_date, account_id, txn_type_cd, amount, teller_emp_id, execution_branch_id) VALUES (721, '2023-02-07 15:30:00', 92, 'CDT', 2764.78, 84, 43);
   INSERT INTO transaction (txn_id, txn_date, account_id, txn_type_cd, amount, teller_emp_id, execution_branch_id) VALUES (722, '2023-04-09 22:26:00', 59, 'DBT', 4235.8, 31, 15);
   INSERT INTO transaction (txn_id, txn_date, account_id, txn_type_cd, amount, teller_emp_id, execution_branch_id) VALUES (723, '2023-02-20 09:10:00', 179, 'DBT', 2361.37, 81, 18);
   INSERT INTO transaction (txn_id, txn_date, account_id, txn_type_cd, amount, teller_emp_id, execution_branch_id) VALUES (724, '2023-03-13 17:54:00', 19, 'CDT', 1699.7, 66, 5);
   INSERT INTO transaction (txn_id, txn_date, account_id, txn_type_cd, amount, teller_emp_id, execution_branch_id) VALUES (725, '2023-07-16 23:32:00', 2, 'DBT', 2431.38, 57, 43);
   INSERT INTO transaction (txn_id, txn_date, account_id, txn_type_cd, amount, teller_emp_id, execution_branch_id) VALUES (726, '2023-01-10 22:56:00', 194, 'CDT', 370.51, 22, 25);
   INSERT INTO transaction (txn_id, txn_date, account_id, txn_type_cd, amount, teller_emp_id, execution_branch_id) VALUES (727, '2023-04-25 00:45:00', 222, 'DBT', 4529.99, 12, 24);
   INSERT INTO transaction (txn_id, txn_date, account_id, txn_type_cd, amount, teller_emp_id, execution_branch_id) VALUES (728, '2023-04-29 20:31:00', 239, 'DBT', 4051.3, 73, 18);
   INSERT INTO transaction (txn_id, txn_date, account_id, txn_type_cd, amount, teller_emp_id, execution_branch_id) VALUES (729, '2023-07-27 07:22:00', 17, 'CDT', 44.8, 65, 11);
   INSERT INTO transaction (txn_id, txn_date, account_id, txn_type_cd, amount, teller_emp_id, execution_branch_id) VALUES (730, '2023-04-13 11:51:00', 58, 'DBT', 2364.86, 58, 20);
   INSERT INTO transaction (txn_id, txn_date, account_id, txn_type_cd, amount, teller_emp_id, execution_branch_id) VALUES (731, '2023-08-09 07:58:00', 142, 'DBT', 1198.05, 61, 30);
   INSERT INTO transaction (txn_id, txn_date, account_id, txn_type_cd, amount, teller_emp_id, execution_branch_id) VALUES (732, '2023-01-29 17:50:00', 221, 'DBT', 4011.22, 28, 46);
   INSERT INTO transaction (txn_id, txn_date, account_id, txn_type_cd, amount, teller_emp_id, execution_branch_id) VALUES (733, '2023-01-08 23:46:00', 220, 'CDT', 4081.74, 15, 4);
   INSERT INTO transaction (txn_id, txn_date, account_id, txn_type_cd, amount, teller_emp_id, execution_branch_id) VALUES (734, '2023-05-09 06:06:00', 6, 'DBT', 3676.19, 43, 28);
   INSERT INTO transaction (txn_id, txn_date, account_id, txn_type_cd, amount, teller_emp_id, execution_branch_id) VALUES (735, '2023-08-15 18:13:00', 62, 'CDT', 3976.43, 81, 41);
   INSERT INTO transaction (txn_id, txn_date, account_id, txn_type_cd, amount, teller_emp_id, execution_branch_id) VALUES (736, '2023-05-06 23:59:00', 127, 'CDT', 4295.68, 48, 16);
   INSERT INTO transaction (txn_id, txn_date, account_id, txn_type_cd, amount, teller_emp_id, execution_branch_id) VALUES (737, '2023-01-28 03:08:00', 96, 'CDT', 3291.11, 75, 31);
   INSERT INTO transaction (txn_id, txn_date, account_id, txn_type_cd, amount, teller_emp_id, execution_branch_id) VALUES (738, '2023-11-03 21:15:00', 240, 'DBT', 2018.65, 88, 3);
   INSERT INTO transaction (txn_id, txn_date, account_id, txn_type_cd, amount, teller_emp_id, execution_branch_id) VALUES (739, '2023-03-03 23:07:00', 187, 'DBT', 2932.42, 89, 41);
   INSERT INTO transaction (txn_id, txn_date, account_id, txn_type_cd, amount, teller_emp_id, execution_branch_id) VALUES (740, '2023-07-03 11:53:00', 79, 'DBT', 158.71, 49, 44);
   INSERT INTO transaction (txn_id, txn_date, account_id, txn_type_cd, amount, teller_emp_id, execution_branch_id) VALUES (741, '2023-06-01 15:32:00', 121, 'DBT', 2960.93, 84, 50);
   INSERT INTO transaction (txn_id, txn_date, account_id, txn_type_cd, amount, teller_emp_id, execution_branch_id) VALUES (742, '2023-07-20 08:21:00', 180, 'DBT', 3488.96, 2, 9);
   INSERT INTO transaction (txn_id, txn_date, account_id, txn_type_cd, amount, teller_emp_id, execution_branch_id) VALUES (743, '2023-01-10 03:38:00', 241, 'DBT', 273.69, 29, 5);
   INSERT INTO transaction (txn_id, txn_date, account_id, txn_type_cd, amount, teller_emp_id, execution_branch_id) VALUES (744, '2023-07-05 08:18:00', 79, 'CDT', 458.86, 80, 4);
   INSERT INTO transaction (txn_id, txn_date, account_id, txn_type_cd, amount, teller_emp_id, execution_branch_id) VALUES (745, '2023-09-30 22:39:00', 137, 'DBT', 1418.48, 62, 8);
   INSERT INTO transaction (txn_id, txn_date, account_id, txn_type_cd, amount, teller_emp_id, execution_branch_id) VALUES (746, '2023-08-17 20:06:00', 217, 'DBT', 3752.98, 40, 10);
   INSERT INTO transaction (txn_id, txn_date, account_id, txn_type_cd, amount, teller_emp_id, execution_branch_id) VALUES (747, '2023-12-01 14:18:00', 230, 'CDT', 228.8, 98, 37);
   INSERT INTO transaction (txn_id, txn_date, account_id, txn_type_cd, amount, teller_emp_id, execution_branch_id) VALUES (748, '2023-08-10 12:36:00', 234, 'DBT', 4406.75, 78, 44);
   INSERT INTO transaction (txn_id, txn_date, account_id, txn_type_cd, amount, teller_emp_id, execution_branch_id) VALUES (749, '2023-09-30 06:54:00', 3, 'DBT', 2215.14, 60, 27);
   INSERT INTO transaction (txn_id, txn_date, account_id, txn_type_cd, amount, teller_emp_id, execution_branch_id) VALUES (750, '2023-01-15 18:51:00', 89, 'CDT', 324.52, 79, 26);
   INSERT INTO transaction (txn_id, txn_date, account_id, txn_type_cd, amount, teller_emp_id, execution_branch_id) VALUES (751, '2023-03-11 06:11:00', 29, 'CDT', 1567.69, 35, 23);
   INSERT INTO transaction (txn_id, txn_date, account_id, txn_type_cd, amount, teller_emp_id, execution_branch_id) VALUES (752, '2023-07-14 02:03:00', 72, 'CDT', 1456.41, 61, 40);
   INSERT INTO transaction (txn_id, txn_date, account_id, txn_type_cd, amount, teller_emp_id, execution_branch_id) VALUES (753, '2023-05-08 08:26:00', 176, 'DBT', 727.36, 16, 25);
   INSERT INTO transaction (txn_id, txn_date, account_id, txn_type_cd, amount, teller_emp_id, execution_branch_id) VALUES (754, '2023-02-03 17:46:00', 18, 'DBT', 1754.89, 52, 33);
   INSERT INTO transaction (txn_id, txn_date, account_id, txn_type_cd, amount, teller_emp_id, execution_branch_id) VALUES (755, '2023-12-31 00:51:00', 86, 'DBT', 197.48, 66, 48);
   INSERT INTO transaction (txn_id, txn_date, account_id, txn_type_cd, amount, teller_emp_id, execution_branch_id) VALUES (756, '2023-02-20 10:08:00', 231, 'DBT', 4954.09, 70, 39);
   INSERT INTO transaction (txn_id, txn_date, account_id, txn_type_cd, amount, teller_emp_id, execution_branch_id) VALUES (757, '2023-07-26 16:52:00', 29, 'CDT', 1599.6, 41, 21);
   INSERT INTO transaction (txn_id, txn_date, account_id, txn_type_cd, amount, teller_emp_id, execution_branch_id) VALUES (758, '2023-06-02 06:02:00', 62, 'CDT', 1694.9, 73, 2);
   INSERT INTO transaction (txn_id, txn_date, account_id, txn_type_cd, amount, teller_emp_id, execution_branch_id) VALUES (759, '2023-03-29 03:37:00', 6, 'CDT', 1768.93, 75, 27);
   INSERT INTO transaction (txn_id, txn_date, account_id, txn_type_cd, amount, teller_emp_id, execution_branch_id) VALUES (760, '2023-09-25 00:26:00', 123, 'DBT', 1835.0, 74, 30);


SET FOREIGN_KEY_CHECKS = 1; -- Re-enable safety checks...